SitUp01_frame_0068.jpg,514.9265,127.96843,138.80067,511.97983,106.9312,103.50219,517.7503,106.650894,103.66141,526.399,99.669685,103.55058,511.48007,105.915886,150.64792,516.2921,103.60226,150.66908,517.84674,103.21578,150.69487,550.60126,99.55497,25.52431,538.0587,105.08172,239.97475,531.8929,143.92194,113.04557,525.6973,145.8428,174.92526,584.71765,182.69864,-130.13423,575.5299,188.19168,348.7807,336.48975,199.88664,-87.91055,421.42987,216.25568,160.79736,379.72073,124.92337,214.68646,439.76648,129.62897,-125.84529,383.16632,94.57018,217.77525,455.49744,104.25343,-155.96265,408.38535,100.383736,219.50894,470.39243,96.0598,-125.94807,404.1248,114.62113,223.05847,465.74988,105.868675,-122.36779,568.40247,466.93384,-182.53279,563.7944,472.8011,181.77942,322.59668,273.48083,-203.65707,379.01657,309.35406,219.25598,188.93166,495.08313,-183.4812,289.10678,514.06384,121.50653,199.80115,548.1778,-171.24373,305.86383,551.7429,109.29246,90.22503,524.65643,-148.78445,218.24341,559.1723,65.78531
SitUp01_frame_0263.jpg,509.32724,154.14542,325.17114,502.1373,132.76,260.49475,497.13303,131.5168,260.55325,491.9783,130.2325,260.48193,521.8249,131.34584,280.0736,530.0936,128.94203,280.13037,532.00464,124.24936,279.87607,495.83716,127.70688,44.60708,567.88275,122.10609,137.67906,505.2105,164.78099,257.1217,525.76117,165.0737,284.16553,468.9601,215.55995,-149.93774,680.086,238.89215,118.14704,313.56543,301.5077,-33.73124,674.9595,379.03024,303.17776,373.3341,234.4416,325.8392,586.8565,435.65552,498.64355,374.25476,222.15555,344.99057,563.1983,456.54913,518.2731,400.98718,209.74564,323.17462,555.0976,447.8316,518.6926,407.715,215.20557,324.46765,560.2052,440.03854,501.4667,491.6074,499.71692,-148.98541,591.4979,518.08057,148.0617,288.66278,324.7262,-30.889261,378.8651,394.19452,338.72073,174.61136,526.7335,167.84201,217.37045,564.412,474.20364,186.38501,575.8699,199.21074,197.49329,579.5957,488.19382,92.38636,535.6535,272.87875,131.47804,568.3179,527.1261
SitUp01_frame_0456.jpg,521.5103,158.5362,266.29657,518.0823,134.20422,210.33234,513.60895,133.86044,210.34056,508.98898,133.40971,210.27483,535.5032,133.50655,230.91356,543.22705,132.76686,230.97455,552.89197,132.26172,230.72708,514.95654,140.58957,13.570732,579.9115,138.39055,110.20832,518.8226,172.32231,201.6659,539.64453,174.09064,229.9257,485.78003,229.34984,-148.60397,686.3551,262.28928,83.9605,345.0673,320.88272,-46.437584,655.53564,419.83316,214.76091,366.8974,297.07196,259.30154,581.6364,497.6986,344.52045,360.5008,296.3446,272.2823,564.99243,521.9599,350.33646,381.156,285.17123,251.88936,555.7854,515.3375,347.37576,390.77942,287.59326,257.3933,558.32007,507.51862,343.22552,481.6988,504.10428,-133.38823,571.39703,524.1975,132.55087,288.89316,330.2896,-43.25933,420.4927,404.4638,322.01935,176.52142,541.2833,65.68963,323.5237,561.9347,435.05417,181.95575,590.68,84.76185,330.22247,592.503,448.0087,82.82066,546.0103,123.62209,263.43042,583.58325,482.5734
SitUp01_frame_0647.jpg,569.6708,95.17235,169.72078,581.1434,77.90719,130.7722,582.03876,78.431114,130.78967,582.359,78.82057,130.78592,582.67267,77.8985,169.25699,585.1825,78.52744,169.17004,587.3322,78.97859,168.97797,598.9424,92.194046,6.2625446,609.2869,95.185356,181.10808,574.30615,116.82735,127.70294,577.20593,117.33015,178.44867,575.9939,194.65614,-152.48743,668.71735,203.8677,257.09027,468.37866,325.204,-63.84554,613.20575,355.80664,350.1044,407.76154,406.82056,258.18335,563.81146,445.68774,394.12653,392.11188,431.86325,266.4463,554.6994,475.573,396.69543,387.92657,431.01108,258.43442,558.4984,468.64603,379.2554,397.1598,424.6238,264.08292,560.95984,459.1953,386.66913,616.87634,484.4792,-166.39313,637.75385,481.0161,165.73616,372.72687,339.62997,-156.72977,398.05576,345.05457,176.6355,241.62479,542.4067,-51.70739,250.74466,538.0312,138.76997,246.9619,593.2457,-35.878223,275.65277,575.3306,131.92015,143.04105,549.0113,-39.765877,187.19917,560.8024,104.79496
SitUp01_frame_0847.jpg,597.33923,89.01316,190.76155,609.0917,80.88903,157.9321,610.23413,80.87195,157.94356,612.2839,80.21792,157.88826,612.61237,81.17618,201.03937,616.065,81.38886,201.0221,621.36395,80.65904,200.79202,631.27545,86.9461,54.619408,635.43756,82.85194,248.4002,604.97864,107.213776,155.47305,608.7812,110.26368,211.7991,642.576,173.55942,-117.490074,669.2441,196.07057,327.5338,508.53003,298.34314,-81.74388,581.946,324.74225,348.5255,456.3788,410.5835,98.17352,541.4635,432.559,294.56674,443.06607,436.11804,79.60723,514.4944,470.67395,286.06287,434.31775,435.97223,79.09896,532.0727,457.98938,260.687,440.07108,430.1605,103.68478,535.4641,454.67935,280.85803,650.17334,444.6688,-164.71509,652.62537,444.2079,163.93277,405.15305,345.26688,-187.51436,447.78336,342.77997,210.35635,262.92493,544.0558,-140.88469,378.83075,525.87616,179.40106,275.7025,580.04456,-131.92914,394.38535,557.8433,175.18152,165.48108,536.3029,-152.0269,311.42108,559.04224,142.52928
SitUp01_frame_1041.jpg,574.74335,118.792206,15.079922,591.14966,101.87936,-24.378271,593.17267,101.65765,-24.403484,595.40405,101.31742,-24.480497,594.3153,101.68885,27.405697,598.5324,101.31206,27.387272,602.1978,100.98955,27.28061,618.1298,107.87218,-125.681114,629.2542,109.38315,107.617226,583.3578,140.80904,-18.362583,585.86725,143.11816,49.63241,647.70105,205.46574,-273.101,671.6857,216.31247,249.49573,504.8547,346.54535,-216.60362,568.9701,359.94495,277.84848,436.20856,430.68924,53.179695,509.9627,452.59375,206.81357,425.2603,452.35724,39.59402,499.3689,478.05496,193.95723,419.04874,450.57053,32.98467,508.22168,470.4372,166.62793,423.7094,444.7214,57.221924,511.42462,463.1103,189.45035,639.2462,513.23126,-179.59558,637.6824,497.37228,179.24055,396.7247,353.39426,-178.89403,442.16263,345.6973,248.63846,247.60475,546.84454,-0.31624174,327.53705,536.88525,247.06287,257.6892,579.34406,23.184832,335.11014,574.7958,243.95058,152.0766,560.0916,26.347736,259.95602,561.25977,206.6405
SitUp02_frame_0089.jpg,952.6881,262.95367,-100.62467,953.1542,218.6479,-11.801577,961.0128,217.71373,-12.187979,968.4333,216.93468,-12.515064,919.94147,220.55624,-81.164505,901.3658,220.66754,-81.20911,877.2407,220.84142,-81.13396,949.58307,232.58763,395.02393,807.6005,244.41063,83.92569,966.2961,314.5717,47.837204,926.7323,314.6096,-43.082344,1010.0249,446.00516,481.69144,625.74774,500.0633,72.678734,1319.1241,520.24097,-94.37174,737.9748,685.42664,-426.3406,1014.7127,402.80045,-651.0625,762.8023,336.76834,-610.73065,946.4053,375.13998,-728.5547,757.8781,267.11597,-658.29596,933.4003,369.95828,-559.73,745.9126,259.50668,-629.7688,944.4052,380.05978,-593.94257,753.4234,296.03198,-600.74054,950.6856,1024.2571,139.13023,713.9096,1035.2919,-138.49722,1137.11,651.9152,-249.69003,835.7457,729.6939,-855.37494,1383.3069,1116.7795,-520.31134,1117.4722,1259.1146,-867.30164,1387.1561,1205.3473,-546.2772,1119.3816,1324.5565,-853.5472,1530.3369,1252.8337,-807.15826,1326.8604,1438.6824,-1062.3325
SitUp02_frame_0272.jpg,742.19806,330.6491,-102.25446,740.9598,295.43945,-28.339388,748.07416,295.14108,-28.23004,754.97,295.13104,-28.403255,711.46954,296.95923,-65.68039,695.9064,297.92282,-65.639755,677.83844,299.3577,-65.67433,743.13086,313.56238,290.76993,626.8104,323.50003,120.248535,752.6383,372.1684,5.977643,721.2584,374.10135,-44.428223,836.6597,459.11603,411.12036,492.12408,502.89493,156.49231,1080.0502,484.41452,150.83028,419.4788,522.0584,-82.6192,843.6466,419.8963,0.57293165,577.729,372.24347,93.61513,784.66364,391.83353,-55.366608,608.6067,319.7579,77.232376,763.97046,397.61957,79.73728,616.1128,320.10376,133.62735,774.9138,411.64426,46.00714,607.2715,349.772,114.66814,826.3184,865.12067,100.43845,641.9197,922.4697,-99.599754,992.49335,644.5019,-411.2736,740.823,750.4474,-748.15576,1190.6277,1052.7527,-540.5193,895.0234,1196.778,-678.4227,1208.548,1119.344,-555.64435,890.75146,1239.5607,-660.19165,1335.6729,1209.748,-832.8701,1044.8245,1372.0667,-889.2567
SitUp02_frame_0542.jpg,836.2687,365.80548,-90.78494,833.0403,339.83102,-33.502815,839.12585,338.52173,-33.53122,844.6185,337.3269,-33.626717,809.4556,344.68527,-74.258385,798.5384,346.75668,-74.31097,784.64185,349.36438,-74.312485,833.4824,354.59494,237.70856,739.2012,372.34882,49.83844,848.4149,392.74692,4.2985835,821.0607,395.97675,-50.912716,898.27765,511.47244,348.35504,627.2996,530.2101,39.434307,1101.881,517.6692,147.07222,636.95654,549.5666,-137.2595,901.1571,417.453,11.199458,709.63055,393.3582,56.165756,859.17957,385.5355,-24.146048,721.10785,336.0122,60.57853,851.7404,391.84076,85.25833,725.8579,352.5213,90.07673,855.585,412.13898,46.62536,721.3981,377.3142,70.610176,901.69366,848.7207,122.48288,746.04846,897.2402,-122.22024,1092.9812,649.94104,-256.43372,820.5054,699.4631,-709.1032,1266.2609,998.8333,-492.17908,992.03156,1039.984,-668.627,1254.7808,1048.4796,-517.8401,981.85614,1061.1166,-653.2295,1386.9355,1057.285,-757.3527,1117.9075,1114.0106,-827.32153
SitUp02_frame_0543.jpg,839.13416,359.2923,-86.26976,835.7013,332.8215,-31.50042,841.2165,331.37823,-31.49002,846.5961,330.0544,-31.57529,813.2927,337.9883,-64.29965,801.98645,340.15005,-64.333466,787.716,342.7118,-64.28804,836.2145,347.35242,226.54141,748.01044,364.15356,72.17068,850.3994,386.38876,3.263775,823.4086,389.34515,-42.426846,906.2851,503.1156,326.76242,645.034,518.2476,66.04887,1108.837,518.44196,106.32088,616.5416,533.1252,-165.60768,917.9616,421.36298,-61.637306,710.72363,383.30682,-57.97945,873.7022,391.05933,-105.18178,722.8375,328.34076,-67.631,864.2761,396.67416,1.9277673,723.5155,339.98328,-34.088615,872.25226,415.9814,-25.754587,723.8867,368.9998,-44.305706,904.3509,835.4158,105.38406,751.6587,879.9782,-104.966446,1095.7444,650.20306,-279.0133,818.33405,704.4137,-674.2469,1269.0236,1009.44403,-511.96765,996.413,1039.0486,-620.9928,1253.2922,1056.1245,-539.1252,995.8863,1052.6215,-604.9576,1378.5074,1063.5444,-794.1254,1123.6993,1115.3975,-781.52356
SitUp02_frame_0544.jpg,843.4129,358.2093,-54.572525,838.1581,329.48624,3.3811717,844.14453,327.76636,3.3535178,850.26874,326.0301,3.2562158,815.8102,334.04764,-31.47729,804.01886,336.12732,-31.545103,789.9964,338.9162,-31.52932,842.47473,344.84564,266.3787,748.68274,367.53128,104.59265,857.1228,389.82867,35.95977,829.69257,391.18118,-11.9628525,910.31146,503.61197,360.47806,644.2782,528.175,81.963104,1113.5875,516.5489,122.050865,622.86523,538.3187,-163.37791,925.0804,417.3751,-62.80722,715.29224,384.39938,-57.80692,879.83777,390.5087,-107.073135,730.53876,328.6334,-67.41011,864.5393,390.52866,1.9549375,729.31714,335.94516,-31.351805,871.22437,408.77545,-26.544538,728.82043,365.4327,-43.237103,908.90875,841.8988,109.376465,751.6014,894.1611,-108.95948,1097.4578,646.17737,-267.22385,819.077,703.9677,-688.8603,1268.0315,1003.21014,-496.82956,1000.4464,1043.7538,-631.9763,1256.6156,1054.6959,-524.18665,999.3948,1056.7623,-615.62213,1382.4269,1060.8553,-783.56885,1136.9878,1118.6442,-796.33563
SitUp03_frame_0070.jpg,1630.6974,211.20483,49.323277,1637.9043,183.72974,80.35208,1631.5707,179.33582,80.09884,1626.9504,175.12274,79.9611,1640.2156,186.03287,-31.922125,1637.8062,184.79407,-31.995502,1634.4452,182.26524,-31.95658,1565.0187,156.35574,234.9444,1555.3091,156.52151,-280.5685,1593.525,224.3939,113.2112,1595.3202,226.80055,-36.138847,1415.016,252.52678,468.06116,1448.3804,271.29236,-499.18866,1644.0363,180.14351,837.1677,1795.2799,282.99042,-508.57166,1538.5643,99.24124,1007.1638,1570.8906,124.465805,52.701523,1495.3419,63.25698,1039.8276,1526.5353,84.65901,51.39592,1465.772,87.31517,1056.4663,1492.5996,105.271706,6.1572146,1472.7559,108.27625,1007.76685,1504.4017,123.31964,47.033733,1405.746,746.7881,349.9908,1392.3779,810.4809,-350.41476,1698.7621,460.12476,444.09094,1744.303,474.48654,-264.858,1992.4509,767.2011,496.41174,2035.5369,811.72327,12.07289,1991.9714,836.8877,494.16296,2018.59,882.56824,53.78308,2139.6292,746.9497,460.33115,2232.8608,788.8647,76.39998
SitUp03_frame_0071.jpg,1615.7521,199.97188,56.754143,1619.328,165.84993,85.25085,1615.3657,162.75243,85.002075,1609.3904,157.99495,84.87244,1619.6185,165.21791,-19.490208,1615.7819,161.85153,-19.596197,1611.1202,157.62138,-19.533772,1547.8477,141.66885,232.64842,1541.7769,139.5119,-250.2794,1581.7642,218.50583,117.26612,1581.7805,219.74817,-22.831726,1395.4957,260.55237,437.5215,1436.2994,270.4752,-444.53152,1622.1003,198.5818,794.2992,1784.5947,282.6009,-459.07788,1508.9047,109.531204,999.68994,1549.1837,130.77469,75.39076,1469.3663,65.30372,1041.0352,1500.7051,90.10915,81.57242,1439.0957,87.115295,1058.7681,1464.9615,104.16893,38.486153,1442.3336,107.04351,1003.27057,1477.4059,124.62976,70.02384,1401.5707,751.8914,316.23816,1388.8569,809.2662,-316.43408,1693.9185,468.06635,410.3934,1736.3127,479.78094,-259.1655,1995.247,768.3948,432.6937,2041.8805,807.4217,-48.061363,1992.3175,842.4322,426.04282,2026.9542,879.22577,-12.358686,2144.0786,737.9225,379.55765,2243.5806,776.90265,7.5421257
SitUp03_frame_0072.jpg,1605.5137,207.15952,38.51735,1608.9081,171.04149,67.70752,1605.1422,168.53139,67.47568,1600.8984,165.39153,67.380844,1611.4817,171.91322,-37.151154,1607.5857,169.27258,-37.25683,1603.7826,166.37605,-37.204258,1548.879,156.2111,217.42892,1536.5743,151.75198,-265.0388,1572.1045,226.6982,98.71711,1573.4651,228.21149,-41.17198,1393.3489,269.9427,435.08316,1420.9968,273.9828,-463.98645,1644.4741,198.1585,757.08484,1766.8776,278.01086,-483.49887,1524.2476,116.45754,931.0343,1541.1165,125.82807,67.64642,1476.2799,69.33991,969.2786,1496.3196,82.43396,72.21266,1444.9734,88.34019,996.6679,1457.5496,100.416046,33.677994,1453.4855,110.43346,937.26843,1471.4471,119.571915,62.92032,1394.4077,763.77783,320.38925,1380.1063,810.8389,-320.4732,1718.7949,504.5602,405.8972,1731.5048,470.36575,-275.65912,2005.3837,750.3909,417.5783,2036.5911,782.7629,-72.06008,2011.7314,818.9069,409.4324,2027.2666,853.0349,-39.157726,2148.7578,711.4337,348.01556,2229.5754,745.34296,-40.202217
SitUp03_frame_0353.jpg,1344.9471,173.37616,67.75109,1341.1086,137.79733,84.136116,1333.4305,134.73201,83.84836,1326.8748,131.7276,83.81848,1345.1985,139.6841,1.0159101,1342.3096,139.1144,0.7913478,1338.3387,137.97101,0.8506349,1257.5284,121.03987,197.95355,1264.2668,126.36848,-191.27036,1306.2959,198.53134,114.75804,1311.7035,197.00873,1.8733405,1120.1731,239.1202,370.98,1160.3187,245.51572,-359.60565,1335.076,144.2291,745.4714,1513.971,159.74654,-370.30374,1178.3566,63.44727,1036.1287,1221.3376,83.37966,37.10376,1137.2141,44.701138,1080.4563,1161.2539,55.77645,36.200733,1121.2502,73.32421,1065.7003,1142.8956,81.627945,-21.110949,1136.8693,94.14026,1030.6757,1158.8618,100.70026,26.472034,1121.4565,785.34247,298.3807,1113.0636,862.581,-298.86398,1434.8997,476.39053,561.34955,1504.0773,518.02875,-312.15768,1708.7677,786.80774,615.96954,1870.167,863.94995,-384.5174,1728.3898,868.967,613.3281,1852.894,948.14825,-382.93915,1852.3698,817.5114,592.6032,2059.881,850.5547,-426.7451
SitUp03_frame_0361.jpg,1417.6771,176.83751,57.08134,1409.2296,144.45795,73.7368,1403.6118,142.67764,73.43817,1397.4177,139.61818,73.45612,1413.9186,146.10706,-5.7228727,1411.3093,146.09386,-5.9012036,1407.5989,144.85886,-5.806978,1343.1316,134.99774,189.4558,1343.3073,141.29356,-182.63242,1385.2623,202.85965,104.89699,1391.2571,201.36813,-3.1467087,1188.4938,245.93974,366.54337,1211.7286,254.86797,-344.0261,1438.1093,164.67989,697.9436,1559.7739,166.68156,-364.9473,1243.8235,63.28949,970.7267,1261.5701,93.23395,9.000249,1196.5829,43.694664,1010.88776,1199.0908,66.50138,-5.790157,1182.8127,70.53004,996.32983,1188.4371,93.638596,-55.505005,1198.2003,89.26317,966.0502,1205.7124,107.47307,-0.7677685,1136.8789,793.254,284.7194,1117.0187,864.28906,-285.28723,1470.6144,478.78378,529.41113,1511.6823,526.79193,-307.24936,1748.8356,796.9379,583.51776,1870.1028,877.54956,-335.69785,1786.3511,884.63513,581.4326,1855.7396,957.2932,-331.80905,1892.201,831.84216,553.8539,2052.9736,869.2806,-390.99872
SitUp03_frame_0369.jpg,1392.4283,200.65114,62.595856,1388.2571,169.40712,79.43576,1383.2197,168.2994,79.13635,1377.7305,166.28966,79.12769,1392.691,169.91734,0.9508597,1390.9957,169.74765,0.6850643,1388.7866,169.1372,0.7592337,1325.3098,158.39226,195.34459,1337.6277,170.03012,-173.59576,1361.2727,226.28036,109.05911,1366.8461,224.95639,1.8206774,1160.805,256.405,356.47995,1200.4568,276.3843,-333.17114,1406.9944,164.47311,689.5683,1544.8232,164.73718,-382.46448,1249.5918,70.44159,962.9568,1267.4945,101.108894,-41.2126,1196.1273,46.630978,1002.73016,1202.7146,70.13691,-52.956314,1186.5009,79.45201,976.80975,1191.217,99.30587,-102.81621,1201.3474,99.61016,953.4159,1211.1575,116.50537,-50.832596,1144.6184,805.78436,286.2685,1140.8489,879.7513,-286.71005,1463.6938,491.5425,493.24185,1543.0007,541.86194,-335.53958,1770.7623,798.83514,495.45267,1901.7609,894.17096,-407.10693,1804.1576,897.3387,485.10333,1884.3132,981.02545,-406.63135,1900.3441,840.3468,445.8885,2097.9902,906.68384,-458.19852
SitUp03_frame_0500.jpg,1448.8508,199.95392,49.756065,1441.098,151.6372,86.7517,1435.8848,149.56337,86.34769,1429.4698,146.677,86.01984,1441.2047,150.91989,-26.13562,1436.3928,148.7526,-26.365719,1430.2789,146.28955,-26.332064,1353.2881,146.78638,276.0401,1355.0803,152.32857,-239.86444,1414.6206,231.7428,125.86537,1415.7666,235.4642,-24.548428,1230.2734,304.84525,501.75,1236.699,320.34537,-447.06424,1541.8969,370.2773,624.0226,1606.8102,370.9063,-390.19373,1392.4482,161.59802,534.9712,1384.888,153.32713,278.7179,1347.3916,98.31749,542.4221,1338.4735,100.27565,311.66235,1309.5802,105.70519,597.2225,1292.949,112.84577,257.46326,1314.209,138.05193,548.50867,1305.7804,135.94049,276.3224,1223.996,848.38336,327.93524,1215.2614,911.3234,-327.546,1584.6069,539.37976,318.86185,1631.4194,539.4228,-386.49673,1882.0294,878.7845,203.90561,1989.7496,919.6677,-469.07715,1894.1285,961.96246,183.92186,1964.2649,1066.6112,-460.6879,2072.6577,903.4168,106.191956,2220.8616,931.87445,-489.50906
SitUp03_frame_0508.jpg,1495.0673,169.65167,36.73369,1482.6458,119.218376,66.34354,1477.3173,118.74729,66.007645,1469.8844,117.14917,65.717674,1479.827,116.028694,-44.321926,1472.9647,114.33646,-44.61654,1464.2185,112.53781,-44.58812,1385.1061,131.65222,245.48761,1389.0574,137.05646,-264.24704,1463.7126,215.07217,109.07531,1461.6012,215.3233,-39.484165,1286.338,316.4611,470.5213,1302.7849,319.98886,-462.6403,1589.054,386.18945,565.973,1648.3115,385.03433,-357.92224,1469.5585,194.30583,422.62708,1458.5815,179.14876,334.31708,1432.275,108.14667,414.6184,1417.221,112.01523,367.46515,1386.0854,130.139,463.08768,1374.9332,130.24709,290.6062,1416.0122,171.48328,431.9323,1386.2146,162.39156,324.16324,1210.0715,864.6017,311.0681,1203.639,914.58356,-310.74265,1551.7312,554.6124,541.0508,1618.641,563.1683,-455.98853,1848.327,856.1059,553.6317,1941.3018,926.7831,-656.0766,1856.8516,932.5342,549.0126,1930.8225,1073.5945,-664.1566,2014.6399,878.554,507.26923,2175.3274,930.7954,-727.6573
SitUp03_frame_0516.jpg,1477.8615,183.32121,27.835464,1465.3375,128.95363,60.43182,1460.1497,128.49266,60.06478,1453.2615,127.10941,59.755325,1460.2657,125.3566,-50.253613,1452.0103,123.31089,-50.49073,1442.0605,120.69651,-50.412895,1366.0171,138.14095,250.69882,1363.3104,141.32993,-253.53049,1447.0708,227.3523,104.774414,1442.4248,228.20885,-42.36635,1284.1332,314.03802,485.82922,1270.2224,325.62338,-463.57098,1582.5856,391.76874,571.60474,1629.2678,394.77194,-384.8373,1457.619,185.03046,434.68823,1444.7809,188.40733,266.04596,1424.4459,108.72165,431.9565,1400.182,126.14208,287.24905,1376.8777,120.47088,484.22144,1357.5815,139.30887,221.98071,1385.4501,163.91315,446.05243,1367.169,167.33553,257.59338,1213.6506,851.15466,325.0624,1180.447,914.875,-324.6833,1561.4423,545.8319,391.57407,1600.6338,557.1982,-385.40753,1828.2998,872.47577,321.4601,1974.6279,941.5934,-501.3232,1843.911,951.83575,308.28824,1952.4314,1057.7056,-496.74127,1995.5553,908.51654,228.07239,2207.948,924.7116,-550.0487
SitUp04_frame_0041.jpg,644.05347,340.1396,-28.283356,634.282,326.94513,-11.291634,633.07324,326.77423,-11.430429,631.6439,326.67822,-11.566481,631.62665,327.39767,-60.347347,628.6407,327.7049,-60.416294,625.38196,328.3002,-60.37363,610.40155,336.91574,78.404594,606.66956,339.35016,-139.95093,642.61633,355.96402,8.832199,638.25507,356.42667,-54.581055,605.1659,415.55554,202.78993,596.76843,420.37643,-246.08466,727.2714,450.72946,259.77533,736.8501,454.91446,-286.50418,818.2087,404.2634,175.9803,828.2964,397.77408,-146.43279,839.475,398.78534,175.8247,854.0024,393.8027,-175.88661,838.3735,390.30548,136.33177,847.2035,382.6112,-150.28659,830.47943,392.6274,153.52788,838.24146,384.9793,-135.15321,648.0748,605.5283,140.22505,630.0275,632.4554,-140.01888,776.64734,490.28055,147.3295,780.7559,506.1849,-167.60522,889.2772,604.9507,191.81552,898.728,636.2798,-3.3764293,892.88525,638.17664,193.31595,892.79346,665.3285,16.402554,971.44464,626.28394,173.16248,986.7044,650.5128,34.20556
SitUp04_frame_0049.jpg,705.38605,337.8779,-35.747784,696.522,323.9424,-22.30778,695.48706,323.55267,-22.414454,694.31506,323.113,-22.54262,693.8245,324.62128,-69.7129,691.1322,324.80023,-69.79111,688.0588,324.97562,-69.74227,673.0762,332.17435,61.13747,666.7679,335.0662,-149.59253,702.2765,354.2239,0.36062834,698.1552,355.2841,-61.052746,663.4065,406.96088,187.75421,650.2916,419.5307,-239.8617,766.44727,461.77216,259.47375,778.3401,473.76678,-238.61908,841.0229,403.722,198.5347,851.20667,395.5115,-50.81012,869.4445,391.9078,203.09096,870.50037,381.41974,-67.02417,862.2864,379.1286,180.51428,860.87085,368.76083,-51.68526,852.5459,382.8349,184.75755,854.8056,372.22385,-41.084106,661.192,603.64343,126.44368,636.5444,632.9161,-126.31028,792.9868,497.4654,134.19878,782.5471,519.6837,-193.14308,895.2001,609.8231,149.73502,897.716,636.73444,-42.947845,895.375,639.78485,150.07553,893.5833,663.9085,-23.450773,969.58936,620.7051,121.725075,984.3749,651.1438,-27.072197
SitUp04_frame_0057.jpg,734.4272,338.75278,-17.09102,725.5028,323.73236,-3.4453986,724.3324,323.4871,-3.568327,723.06287,323.24866,-3.686582,722.9535,323.98505,-51.658817,720.1078,324.04666,-51.80637,716.95807,324.18546,-51.810436,701.17487,332.50235,81.27288,694.8462,335.01352,-133.89287,731.2412,355.2577,19.110977,727.2916,355.91174,-43.54525,686.27466,408.47113,214.63896,679.0069,422.43805,-225.2279,787.9894,463.23303,232.64478,803.592,481.58716,-187.05954,835.2794,393.6307,106.54225,840.47546,390.1312,68.226074,850.857,372.05768,101.60434,850.65894,370.60095,68.03914,836.3594,366.62262,100.91867,839.13086,361.97034,65.09202,826.3183,374.90518,99.79773,834.63525,367.10583,73.47562,661.35004,605.721,129.8788,637.9441,631.51715,-129.63168,788.3772,499.856,159.13504,781.4996,525.2578,-194.51811,896.51306,616.5312,167.21083,903.4814,638.6032,-128.44629,898.2385,643.249,167.32393,899.41187,666.0548,-118.01892,970.1294,628.02747,141.34914,991.3153,651.8488,-143.3507
SitUp04_frame_0207.jpg,700.686,339.96127,-31.95372,691.6974,325.93338,-20.335646,690.7477,325.4992,-20.441673,689.5844,325.01102,-20.56018,689.312,326.7198,-65.22916,686.62463,326.8327,-65.29544,683.6661,326.91724,-65.2561,668.1229,333.76202,56.910843,663.5498,335.88144,-143.97784,698.6366,355.07544,2.281105,694.19556,356.61127,-56.36871,655.7224,409.73807,171.42764,652.49365,419.59045,-230.75027,761.2992,453.26044,251.43425,778.5391,462.17087,-255.8525,857.6284,426.70178,207.91002,873.01135,420.21082,-137.57857,877.8165,417.856,216.83127,901.17554,409.33176,-167.32423,879.34564,408.37143,178.10327,894.81555,397.0791,-145.87645,872.923,413.22412,188.72237,886.9089,400.97168,-128.42177,653.0914,599.7013,124.644424,631.0278,633.08014,-124.52277,775.53046,500.93665,164.68681,772.6041,527.0888,-201.64827,895.581,616.66235,208.8359,899.73376,643.75354,-73.30486,895.2484,643.17194,213.00177,898.11273,671.5038,-56.455997,969.46765,622.58514,198.63725,989.68884,651.21136,-64.07051
SitUp04_frame_0215.jpg,720.89453,344.882,-6.9029303,710.45844,329.01224,4.4930844,709.26587,328.7805,4.386783,707.8981,328.44666,4.2665033,708.2055,329.45212,-38.5717,705.6824,329.61945,-38.633503,702.7137,329.80643,-38.58578,685.97845,337.5408,77.867805,683.0206,339.88818,-114.43,718.31476,360.25662,26.001007,714.45496,360.96613,-30.23711,668.429,417.59225,192.98819,678.4248,423.54105,-199.43741,772.12085,463.40582,249.1963,806.5205,471.47955,-196.21661,866.5846,439.46567,196.46147,888.49664,429.6346,-37.042175,880.2179,428.2924,207.08975,908.9688,416.96844,-57.192207,878.93036,418.8989,179.04242,897.63855,408.7239,-37.153713,875.02814,423.78406,182.272,890.8091,412.81412,-27.181229,650.7366,606.5555,119.247215,633.9899,634.5468,-119.22821,773.6041,503.95953,178.27058,778.98694,537.043,-167.72021,888.4287,609.8604,243.29256,902.5758,636.2818,-18.995815,893.33057,636.6588,250.56296,897.5386,661.7706,0.35508156,953.4553,617.72705,247.669,984.9232,644.76575,1.4281373
SitUp04_frame_0223.jpg,688.55237,343.92252,-37.65502,680.1561,329.74802,-24.426615,679.3867,329.4675,-24.533585,678.35297,329.12573,-24.65128,677.44324,330.4826,-68.70423,674.5633,330.79926,-68.79436,671.18665,331.2652,-68.74051,657.37085,338.60434,56.604008,650.355,341.3756,-141.01964,686.61255,359.4391,-3.036618,681.6323,361.4417,-60.54316,652.37177,414.24783,170.904,638.9595,421.48456,-234.20148,753.8108,456.53592,224.6578,766.45154,461.7317,-239.94194,850.52014,427.41272,141.10226,858.34076,422.3495,-67.77709,875.6034,419.39624,138.36203,885.68384,417.74353,-88.22426,876.40515,410.08813,101.57574,881.91125,403.03757,-70.79776,868.8568,414.08536,120.57582,873.8417,406.21063,-57.99518,651.56165,606.11633,125.4019,628.37134,634.4358,-125.22226,782.39233,511.14227,154.72739,773.1083,530.268,-190.34149,892.8789,615.9333,177.4422,898.2157,639.3332,-53.1594,894.6312,643.0465,177.73438,894.5792,665.63293,-35.974907,967.98157,620.3237,150.76492,987.6405,644.7728,-43.856453
SitUp06_frame_0011.jpg,508.97067,146.39204,98.57159,502.37177,129.87897,121.34129,502.16302,129.31596,121.230484,501.73193,128.87906,121.22758,496.7138,131.09732,81.61613,492.33163,131.42209,81.57348,487.65884,131.85863,81.565865,478.59753,136.74396,225.13487,462.17255,140.7378,49.963333,506.05637,165.35605,136.27148,499.74655,166.6398,85.32192,487.5967,218.15744,313.7782,420.46075,238.67421,-69.77383,531.34595,329.3674,172.34343,522.5019,340.35455,-36.491486,536.58167,252.20216,-148.0237,535.5345,235.60605,180.49313,544.11475,246.62656,-184.84984,530.2829,212.8649,194.27988,543.12366,231.66386,-164.41882,517.4651,206.40317,187.36452,535.0449,237.1614,-151.2249,516.6322,214.81932,186.9057,512.61475,384.6243,135.18501,483.14935,411.70618,-135.36649,642.9665,251.19484,77.000374,638.5096,258.7727,-173.83829,730.0216,387.93915,-39.966278,758.8701,411.26273,-194.20135,725.1714,445.3138,-54.815308,756.78326,446.63123,-186.94992,803.037,422.42398,-130.81972,865.81836,438.0183,-207.44437
SitUp06_frame_0012.jpg,576.0111,146.14375,19.108788,568.97534,130.6776,32.85827,567.84564,130.09,32.7997,566.4225,129.43045,32.8151,566.1723,131.82326,-5.709538,563.24725,132.03004,-5.758664,559.865,132.14645,-5.7847915,540.57043,138.57487,111.97258,534.62836,139.96634,-57.573853,570.5872,162.59927,50.321648,566.2858,163.29591,1.1446725,517.6698,217.86876,212.3315,480.77127,234.83838,-146.572,570.6373,312.447,129.65704,547.628,358.3477,-95.00805,589.2881,253.82233,-131.32483,593.4081,258.2196,120.14501,593.63074,250.65178,-158.33636,604.30096,239.38559,130.38055,595.9283,239.43678,-144.07133,596.7121,233.33261,121.98061,589.68396,243.03006,-134.46436,590.1124,238.56076,125.00215,516.2026,389.8762,127.84543,494.17477,404.89838,-128.18028,648.45197,270.04156,112.81178,639.5383,248.244,-156.47508,711.6974,378.22296,80.23606,738.36145,400.89468,-94.11496,698.7001,418.3321,76.1281,729.5541,429.51505,-80.00902,752.60767,403.82944,22.689207,811.4977,408.469,-86.862595
SitUp06_frame_0021.jpg,551.24854,166.6268,24.933653,547.5392,150.79787,41.13221,547.0744,150.09128,41.10162,546.47,149.48486,41.122257,544.49664,151.34521,4.143694,541.6571,151.06113,4.0885997,538.56036,150.94598,4.038212,518.80585,155.45009,126.48255,510.38824,155.1262,-36.366795,542.817,182.059,57.525764,539.2052,181.97804,10.152733,491.9732,232.92677,217.0655,439.32153,235.02635,-119.593735,530.4343,318.98254,109.39595,484.5911,361.591,-72.17273,554.2008,261.1803,-161.23102,534.70953,278.3824,128.33084,558.16516,251.46681,-189.81754,564.65607,264.71228,141.58821,554.82,233.37383,-169.87564,543.0552,245.18925,137.83475,551.4335,238.71802,-162.45285,549.8948,254.47052,135.64436,488.12274,384.6368,122.73816,458.29193,397.96252,-123.095,603.8314,239.98587,82.28863,590.3754,258.5326,-159.55598,656.133,391.0264,32.06304,693.0356,395.86566,-146.88022,648.0415,415.9049,26.19675,687.9551,427.74426,-137.60475,695.1394,413.10266,-31.159544,776.16907,421.3453,-156.73416
SitUp06_frame_0025.jpg,470.27698,151.50543,87.84676,466.0497,138.87035,112.259895,465.21808,138.33348,112.20945,464.0862,137.73576,112.21652,461.5827,139.8539,72.698784,457.79446,139.83707,72.628075,453.28955,139.64255,72.576775,440.42386,141.55212,223.73122,426.70752,142.82631,47.71333,463.02808,169.43137,127.828575,457.81064,170.53326,76.62389,444.10034,229.22667,309.3184,370.50818,233.38083,-56.662117,484.86713,332.41803,165.99368,422.0204,360.41492,-32.259842,498.71933,262.49643,-159.98154,477.22693,252.01523,160.9869,505.22894,239.70816,-196.79022,486.5064,231.70161,178.47296,496.52573,231.49927,-173.30951,473.48288,221.4956,178.09193,488.35675,236.7356,-161.96947,470.6254,227.10153,170.74022,473.76212,382.26282,128.76904,435.56458,407.7054,-129.02406,584.5678,238.10643,53.792347,575.04755,242.20816,-190.81764,665.03937,387.61188,-48.282578,693.72595,406.20642,-219.77226,649.1123,421.0534,-60.717575,685.8066,443.72318,-212.41481,728.585,428.87854,-133.89708,804.82935,440.5869,-227.30217
SitUp06_frame_0026.jpg,525.3689,158.71144,25.377853,519.813,142.0577,45.680782,518.9317,141.45427,45.658123,518.02594,140.83658,45.671333,516.5886,142.77863,6.765958,513.5057,142.57979,6.6916814,510.11188,142.28162,6.6302137,495.1886,144.97498,148.58473,484.46658,145.21164,-23.413006,519.8387,173.64082,63.371937,515.54755,173.5226,13.311721,483.26895,230.53705,240.06686,409.6486,233.11554,-113.301125,519.0697,328.69885,102.40737,447.73926,370.36295,-73.34292,532.6634,262.21466,-211.1474,517.16205,275.4445,120.316414,537.73315,239.41278,-242.53326,530.2122,250.66644,132.08482,530.49084,230.841,-220.43025,522.68756,240.91556,127.29867,525.51685,235.78185,-212.80745,518.6603,246.66899,127.588394,478.28717,393.36414,124.56214,442.50507,410.71628,-124.92331,591.52924,236.29893,96.47521,576.30176,239.41356,-151.2958,670.66864,379.23624,37.437527,695.4044,408.9682,-153.9863,672.68005,428.6919,30.617483,684.07587,442.61212,-145.88951,740.5102,414.98312,-24.657589,800.7573,438.32257,-172.5313
SitUp10_frame_0035.jpg,913.63617,191.59146,109.078094,920.191,186.2548,134.33878,920.4232,186.52318,134.16628,922.6262,187.76505,133.95071,916.0523,181.91351,106.989655,913.22205,179.57321,106.877716,906.9813,175.12299,106.692825,909.4286,188.92398,245.8107,890.572,179.97835,119.494156,904.02374,209.48447,147.52219,892.4867,204.34163,110.80539,877.61584,268.8333,297.51608,795.49567,256.4943,46.835667,1007.5092,275.82516,315.98727,871.64404,288.3774,-45.4419,946.43774,208.46289,385.7355,918.4382,188.55956,0.24407975,950.73676,193.99664,394.63934,918.9281,165.0953,2.7751076,946.2157,188.71698,427.4016,909.9594,155.4725,-1.9528912,951.1632,194.76012,398.01868,907.0265,167.17018,-1.8754673,809.5946,554.04956,126.80043,761.2781,546.66156,-127.242935,1000.90454,409.82986,102.98481,980.989,394.47055,-163.77036,1146.9663,506.11343,-19.533552,1132.5144,528.9723,-197.69357,1159.59,545.5672,-34.11403,1126.4368,563.1046,-193.59755,1211.2217,493.0789,-107.162315,1229.319,502.18726,-233.48091
SitUp10_frame_0036.jpg,924.63104,206.17435,44.956745,930.5737,195.15034,71.48988,930.26245,194.82446,71.30257,930.4742,194.41432,71.08078,925.74146,190.15047,35.48834,922.3884,187.2328,35.36049,916.45026,182.73413,35.247585,917.05444,194.81454,202.16078,895.4133,183.7317,33.96765,912.7615,234.51637,93.15746,901.3368,217.073,44.39897,883.75073,271.3045,265.91702,796.8652,260.72064,-13.800607,1013.0087,296.55673,235.05653,867.2629,326.50873,-142.33936,953.87476,206.37871,203.00769,921.1006,188.19336,-107.69972,941.44214,181.89514,199.90558,911.40924,160.48056,-112.37572,930.2951,172.45192,242.66808,899.7187,169.56522,-109.47606,934.9536,182.60258,217.98077,894.1702,159.48488,-106.13486,823.4882,521.18066,134.22435,761.83527,544.7398,-134.42453,1001.1991,411.23337,105.9395,977.7473,407.5495,-192.89218,1153.5865,512.8537,-24.497873,1127.6875,538.5017,-223.50848,1167.7631,556.35077,-39.354683,1122.2809,570.2181,-219.85313,1194.8049,512.59216,-106.45259,1240.5359,530.37415,-268.73273
SitUp10_frame_0043.jpg,869.37854,169.59831,35.00981,891.48083,165.67299,54.982113,893.7158,167.71533,54.806694,898.82214,171.15147,54.642082,883.77875,158.57942,42.2357,881.1767,156.47723,42.168663,860.3075,151.09413,42.00261,888.73914,176.9249,162.99414,869.1658,167.01047,103.2345,866.2891,202.60966,73.56079,845.85205,187.54454,55.836426,868.7445,265.54025,221.70937,765.1004,251.01572,48.919216,987.3308,302.7816,71.38345,834.4845,316.9092,-79.60506,936.52075,190.88043,-74.37109,902.542,185.70876,-112.175934,922.035,165.71413,-92.79076,904.57495,153.91208,-119.10031,914.0636,168.52094,-37.654022,889.1413,149.30162,-118.53683,915.8465,177.63669,-54.751015,887.1749,182.64804,-112.44244,827.95874,514.24756,104.60283,760.03394,536.1157,-104.845566,1001.4656,349.59793,71.1711,954.77997,356.22968,-169.93929,1163.4724,510.33395,-69.63288,1150.8962,519.4534,-241.72229,1162.5836,558.3049,-84.96155,1126.5449,585.074,-240.78484,1226.43,499.48303,-177.54065,1233.697,532.8435,-303.6186
SitUp10_frame_0044.jpg,885.8115,196.22923,41.845985,889.4943,174.57245,72.259964,889.3621,174.72809,72.094826,889.3285,174.62802,71.9479,883.16833,169.84348,39.93215,876.1494,166.17276,39.826912,871.2523,163.64732,39.67017,873.2876,178.04207,220.4292,850.91864,167.74892,70.94609,870.4471,217.76471,95.46437,853.4134,209.89264,51.96418,845.7996,260.95792,282.8037,747.76514,250.77272,3.0587096,975.4437,299.81464,193.23001,831.05164,321.85132,-115.63667,924.87317,187.20798,81.20004,883.8921,168.11021,-34.848915,906.4813,161.79445,63.69948,876.36505,149.62868,-31.544561,887.89856,139.18755,120.15786,851.42725,134.11101,-33.97603,900.64734,174.72461,99.397545,850.46295,152.3187,-32.94425,830.0424,513.03656,135.32968,762.1073,536.25775,-135.39091,996.48975,350.88443,87.49,961.20105,350.84808,-197.98148,1159.8472,506.2682,-63.827805,1156.4758,529.3252,-262.16382,1160.6719,563.902,-79.89697,1124.2976,597.8383,-259.34323,1237.871,504.79803,-155.85986,1271.0621,545.5058,-315.47025
SitUp10_frame_0170.jpg,928.7003,247.7756,60.612953,921.7017,215.88948,87.555695,920.87555,215.1954,87.3652,920.3409,213.61589,87.274124,918.405,210.96596,44.54492,913.05566,205.70528,44.399315,909.51184,202.79274,44.25918,900.3711,211.64386,223.10594,883.13696,207.52109,27.012222,910.68616,253.37778,112.39305,898.7588,244.51616,55.875095,870.055,275.0456,334.72876,795.3058,284.99484,-47.108555,990.4785,313.11676,234.7768,851.3309,368.5239,-57.246315,934.47015,227.06279,86.82063,911.00165,222.6612,130.06204,918.5869,195.25873,73.00558,909.82025,189.3714,144.41852,899.0906,189.3849,123.357765,884.48047,189.19934,126.57855,907.8667,201.20312,100.29077,885.6534,204.16846,131.36835,764.8327,527.6165,166.62976,728.4851,532.83673,-166.78726,952.56647,407.23163,121.835625,930.36365,406.88187,-292.4713,1118.022,519.8848,-3.3174534,1123.8782,525.96014,-433.19687,1138.3873,558.11926,-16.488323,1101.9437,584.14954,-442.1883,1176.0403,506.4808,-76.615456,1213.4746,521.5886,-524.6627
SitUp10_frame_0171.jpg,914.68066,219.15665,211.47534,918.0814,204.65279,243.44545,918.21826,205.2754,243.26309,918.4767,206.0846,243.1546,906.69604,192.71431,215.58876,903.9051,190.35587,215.44478,901.5978,188.95363,215.22066,902.4315,211.94756,368.38824,885.42004,204.70407,243.15012,906.29944,238.14465,255.03326,893.9231,232.35855,218.4535,869.15015,289.14865,428.2095,797.69055,277.7223,135.26935,986.22253,363.0675,351.9083,842.1477,355.78665,-15.237879,957.30237,262.40887,248.66205,921.6626,222.57292,-73.60597,966.67267,293.5734,243.06644,920.3971,195.91782,-83.221924,957.02637,280.52356,268.99506,917.94434,177.50519,-91.05618,956.81274,284.62888,256.47238,910.5696,210.64494,-75.82622,761.4576,534.64526,142.58366,727.9788,518.7123,-143.10791,961.67163,406.10593,49.664654,938.1503,384.31866,-258.94345,1122.8313,524.97235,-130.88031,1109.3536,512.95844,-423.8819,1129.7609,553.56396,-152.16508,1090.6025,575.073,-435.5164,1159.7703,515.6025,-228.9628,1202.0497,520.8826,-505.64755
SitUp12_frame_0432.jpg,610.2542,158.85475,66.56587,617.44916,143.33858,26.555006,620.07117,142.18558,26.61673,622.5925,141.27019,26.470133,616.70996,145.0974,80.78513,619.17474,144.89499,80.75079,621.67786,144.61922,80.7466,655.81116,137.15106,-77.360664,651.2001,138.15396,174.0782,624.7779,171.4407,30.87497,625.1099,173.97495,103.02378,718.19385,202.49641,-202.34685,690.7291,210.89459,300.51263,661.2232,169.60435,-235.86015,643.2099,204.38014,529.63605,647.2888,126.43313,7.88176,619.56494,123.00621,695.2086,640.3577,120.56448,5.3378425,621.3922,112.57111,718.2974,641.1173,132.36745,-5.8445745,618.1276,105.84546,718.6665,642.57654,134.02951,7.566003,619.37286,110.86106,693.06683,729.07385,461.8987,-193.1781,717.063,445.18457,192.79446,537.167,301.70963,-242.51584,555.9016,288.96606,280.29507,494.87476,506.10568,-194.55273,512.9872,488.70178,264.08542,506.94833,544.38446,-183.36327,525.39545,521.4004,258.03207,400.17242,520.30505,-191.74191,424.2034,511.2441,230.03436
SitUp12_frame_0433.jpg,605.9881,155.88774,54.090576,613.8606,140.74055,19.140518,616.5918,139.76532,19.163174,619.61316,138.91002,19.038307,612.59546,142.40636,68.91236,614.7618,142.44489,68.91908,616.95026,142.42905,68.93309,651.69,136.2903,-63.987053,644.8221,138.36778,166.62839,619.9721,168.34048,25.934603,619.96124,170.6003,92.365616,725.6349,192.6377,-181.01047,679.9494,213.77896,289.17172,685.2701,179.82605,-313.49457,652.23914,247.28397,443.81467,642.8725,134.86765,-221.79555,615.98083,178.34883,525.3661,627.1112,128.20554,-241.04128,609.35547,158.46263,542.94904,631.57904,134.93529,-236.56897,609.6661,148.48947,536.79834,634.2288,137.45879,-219.70688,612.08997,152.79526,519.7084,723.405,448.87262,-178.6289,708.6989,443.00815,178.27898,535.2496,302.0193,-234.21043,550.74365,290.8505,228.33125,503.06107,504.83908,-203.50536,515.35583,489.9413,174.37521,514.2488,545.775,-195.1509,522.8249,532.306,165.16263,402.931,516.9569,-222.87375,419.8703,513.1683,121.19621
SitUp12_frame_0434.jpg,605.0744,157.80702,39.236053,612.1075,141.4403,7.5985885,614.6851,140.4376,7.626153,617.2511,139.58438,7.4967623,611.2813,143.54022,54.13705,613.6209,143.79805,54.11606,615.9198,143.86485,54.11407,651.345,137.01657,-61.38943,640.89374,140.67691,155.09404,619.27466,169.9986,16.28859,620.0588,172.38062,78.33003,720.5797,195.14789,-173.33716,673.91766,213.76933,275.58398,682.4718,177.65694,-277.3134,640.5338,226.15802,391.34842,639.7026,135.25766,-130.22318,608.6073,148.88478,427.94232,622.6471,132.63297,-140.85716,600.3361,128.37993,433.22314,627.1054,136.20125,-140.84816,605.44763,132.62547,437.47583,631.11755,139.06445,-127.53555,610.44696,143.90602,424.52695,721.32007,447.10995,-182.42064,693.02106,434.91238,181.98514,532.0806,301.67157,-242.65518,549.1455,287.23312,278.26025,502.39078,508.14737,-219.00766,518.7496,489.79977,269.4573,513.1857,550.0676,-211.32307,532.3316,524.1796,264.67905,399.8249,520.899,-236.7857,428.8588,511.91714,229.56645
SitUp12_frame_0498.jpg,660.11896,173.06108,63.196556,661.6857,154.27911,21.622854,664.1447,151.89624,21.764734,666.92285,149.37344,21.63882,661.211,155.94376,76.82405,663.5337,154.59285,76.87262,666.378,152.8587,76.96161,699.62256,136.60684,-81.35324,697.55347,138.21101,175.2142,679.6551,179.78441,27.153313,680.40216,181.80702,100.825134,765.37494,196.83505,-210.61209,745.7385,203.28712,287.576,688.8539,147.56302,-213.37941,676.18616,178.77359,436.56888,719.19806,119.10255,121.486,738.7343,111.81962,550.1068,723.2841,115.65694,123.46866,734.03436,113.06511,561.59735,728.5667,125.47121,111.197975,740.36755,114.479706,585.65607,726.61505,130.69398,121.87866,758.235,105.41184,556.6764,721.3491,462.2819,-206.9688,727.62354,446.4133,206.60742,542.74426,297.89395,-240.48515,560.61664,291.7568,248.04288,508.2785,507.70114,-180.22263,516.9314,489.6737,268.09467,521.0356,548.1503,-165.84119,527.5531,530.8316,265.10114,407.73154,518.9834,-151.6057,418.61383,511.75824,240.4574
SitUp12_frame_0505.jpg,599.6365,164.6777,6.666605,606.1858,148.18234,-28.433258,608.76886,147.46669,-28.426144,611.54913,146.96555,-28.580273,606.13904,149.26347,23.907902,608.9061,149.21304,23.849125,611.74066,148.94307,23.823956,646.8917,146.03888,-109.118805,639.8116,147.99994,134.1895,614.09735,177.45361,-20.445942,614.87726,179.35089,49.6796,710.79767,208.93192,-219.62587,681.4563,224.09955,272.68762,680.9056,186.48828,-334.69897,639.8902,236.38254,475.0418,637.3363,137.25044,-195.93222,614.4368,152.08537,570.2713,628.9828,138.68141,-214.88452,596.10583,138.34955,584.47644,625.5051,142.71213,-216.55284,596.61584,150.92955,574.10596,630.72217,146.95668,-195.2556,601.56665,157.68571,561.9586,720.8652,465.4262,-191.05249,719.4579,453.6687,190.83434,534.5785,299.02292,-271.11166,551.8458,289.09763,276.93674,497.67462,508.5584,-284.08063,516.51404,488.9253,288.09564,509.7885,551.79736,-282.3588,527.05865,521.59863,284.15552,400.20877,518.8806,-345.71985,428.14914,510.8539,239.63943
SitUp12_frame_0506.jpg,599.42303,158.66203,24.100931,607.729,142.56013,-7.815186,610.3867,142.13731,-7.8241158,613.0559,141.85336,-7.946453,607.0925,143.29155,41.946278,609.5373,143.21571,41.915733,611.9728,143.10406,41.868366,649.047,141.92119,-72.64604,640.7643,143.37032,155.44664,614.60266,172.80621,3.181382,614.376,174.14955,68.91678,714.86127,206.62662,-181.3066,672.9599,223.06773,298.3344,707.30585,198.00485,-315.4671,640.0193,299.00876,379.29935,659.9976,197.00743,-209.36981,587.0886,286.3126,313.7388,649.30475,200.92076,-230.11876,574.17615,286.53653,322.38052,623.54865,168.8257,-224.40074,571.94574,282.67014,302.66238,635.37427,169.67456,-205.32819,576.6856,282.36472,300.638,718.8201,467.2795,-175.58902,708.19464,448.4123,175.31274,532.9706,303.07065,-257.754,549.524,287.07178,337.4816,479.20468,500.66003,-248.44907,525.78467,479.13013,350.48495,497.38187,549.4319,-244.19926,544.4681,502.76535,349.5078,395.05948,514.68134,-285.32074,468.12656,497.98553,325.1229
SitUp13_frame_0013.jpg,540.9101,290.71863,118.607025,551.9183,273.78793,94.21854,554.8428,273.98672,94.392395,558.0296,274.18768,94.29864,549.6777,272.43698,142.03084,551.08954,271.67062,141.98828,552.76166,270.80005,142.01328,585.6735,285.17844,45.12573,577.54694,280.6309,258.06256,548.3596,310.43915,99.10855,545.6019,309.5924,160.02524,612.02026,375.00742,-97.30653,572.49036,347.3371,355.7747,482.06757,463.9518,-69.30217,456.18167,398.3293,121.91512,514.344,381.62057,267.78696,515.48486,358.16376,-237.18317,510.23096,365.53467,301.00253,542.4624,357.55725,-268.43723,537.40704,362.60553,298.39847,553.6385,352.73972,-225.26758,538.9036,365.0815,280.26697,546.9879,355.61932,-231.25465,540.31256,595.4825,-163.80104,519.4724,548.1392,163.38733,359.2474,428.568,-206.73361,370.5473,414.42892,120.898636,228.93007,599.5663,-220.74374,240.8587,563.4302,26.134941,236.58609,637.79285,-216.66826,243.398,598.1803,9.673164,121.831856,633.8709,-238.7366,136.9562,589.64087,-46.196217
SitUp13_frame_0014.jpg,548.27405,294.6406,98.42834,558.58685,277.86288,69.80675,561.5383,277.84616,69.969795,564.66223,277.83017,69.855606,556.29614,276.61703,118.84404,557.6063,275.7224,118.83582,559.15564,274.76862,118.870636,591.7112,287.2127,9.210562,585.1477,283.84952,227.62189,555.4989,314.1645,76.10361,552.8882,313.40762,138.69403,617.43097,378.90454,-129.53282,586.4308,347.0613,336.49963,487.30896,467.90158,-94.55705,468.64883,407.78268,110.48184,524.8379,383.70804,237.93411,530.03796,376.5508,-253.56146,527.76514,368.17084,271.74225,547.83594,363.77664,-282.109,545.1633,366.15485,270.09738,554.1366,358.07785,-239.8712,545.7612,369.25415,250.9596,551.7013,361.52637,-247.91222,542.82764,596.63416,-165.71272,526.1769,542.7195,165.32819,354.4258,432.14215,-206.79686,373.6641,414.0553,128.621,225.83434,602.4552,-220.26932,246.07535,566.02136,43.24953,238.50967,642.91504,-215.61725,251.00696,603.55505,28.951456,121.530914,627.5179,-234.97185,138.92555,585.3234,-19.05407
SitUp13_frame_0015.jpg,552.44635,296.68893,100.02555,563.7629,281.5178,71.19447,567.0452,281.5041,71.36239,570.5825,281.54102,71.25694,560.7422,280.34363,119.533005,561.8331,279.59082,119.54315,563.14075,278.80875,119.57091,596.9613,289.6272,9.464576,586.9557,285.75476,224.67531,559.95636,318.6291,77.34939,556.51685,316.4444,139.03983,625.3917,377.9691,-130.98227,587.9192,335.64883,332.84235,492.50903,464.4968,-98.86741,479.79034,406.67343,110.47826,524.6328,382.54398,234.35332,535.3149,379.5242,-252.99362,527.02124,367.40976,270.0901,552.3505,367.19562,-281.21515,547.4932,365.97064,272.20023,557.98004,364.5186,-239.71481,547.95264,368.9309,249.34877,555.81384,366.8208,-247.67276,543.5397,596.25525,-162.62634,528.0008,544.2749,162.24026,354.79712,424.92963,-209.93553,375.3392,414.29742,137.64856,225.87898,601.5877,-226.3605,248.11578,562.4256,65.93683,240.08322,643.8015,-221.48103,251.28038,600.3344,52.885403,122.17186,635.8316,-237.41212,136.28116,581.88696,7.8847895
SitUp13_frame_0250.jpg,507.50726,283.16815,82.48672,517.42755,266.4319,55.763535,520.88104,266.3765,55.878265,524.7532,266.22037,55.712067,514.2204,264.99173,103.05914,515.2423,264.01862,103.018906,516.53253,262.8381,103.04511,551.98846,276.57004,-1.4964538,542.4082,271.42453,208.20534,514.9659,301.91766,60.6275,510.73917,299.63016,120.60548,577.0567,371.96127,-134.31154,535.8431,333.00424,318.0058,457.80542,481.69864,-89.23028,434.9402,412.81537,123.69336,478.2703,383.5977,233.8668,464.82062,381.7094,-216.00584,469.63788,371.89774,261.20615,474.82123,375.1048,-238.47012,493.10547,366.9931,268.67355,491.91766,367.36505,-212.56456,499.7268,369.80075,249.65231,492.3271,369.7438,-215.85666,543.4217,589.8456,-159.75044,524.4563,531.8027,159.34978,367.4545,433.7526,-191.22618,375.657,411.03146,118.58995,227.88806,601.86523,-164.70222,249.74274,558.7476,30.44565,235.0939,641.1307,-157.08739,252.01837,599.2477,14.868626,120.29781,635.3235,-172.94267,180.67624,579.0303,-32.30413
SitUp13_frame_0261.jpg,534.50665,281.23178,116.38707,545.23114,266.69626,92.65152,548.2096,267.03262,92.78736,551.5912,267.39322,92.65721,542.5257,265.47992,137.44878,543.58435,264.9647,137.3996,544.80774,264.36172,137.41052,576.6342,279.44287,46.299034,568.63165,274.22314,244.30295,540.39124,299.87103,98.389824,537.19617,298.36932,155.08331,598.0503,374.63867,-102.401085,563.9812,345.7781,352.95837,477.87042,471.76678,-65.033775,456.1443,405.62317,138.67842,505.2911,389.58875,251.56828,505.97702,382.01447,-221.48236,502.16763,372.13596,283.41812,521.6656,370.40222,-248.39906,527.01984,368.31082,282.3837,533.18396,363.05994,-209.68346,527.15643,372.21912,264.555,530.56635,366.08112,-216.76302,547.2078,590.5337,-163.6396,531.9414,536.8271,163.2048,364.56253,440.93237,-199.62766,373.39532,416.00763,124.29588,232.83507,604.49194,-222.92792,248.6152,562.9335,21.019276,241.25986,636.2603,-220.19421,248.48634,599.0592,4.4226294,125.00595,636.03125,-245.16086,144.92993,582.8528,-43.52055
SitUp13_frame_0262.jpg,538.7009,290.16696,113.957855,548.29895,274.0656,87.252464,551.13275,273.81866,87.39495,554.1014,273.50296,87.263374,546.2184,273.09665,134.41234,547.6803,272.16296,134.38785,549.33307,271.1199,134.40598,580.07666,281.36612,30.722704,573.6131,278.74393,239.4542,545.7215,308.561,92.64896,543.2792,307.26144,152.40903,603.4678,372.8128,-119.796684,578.1389,342.2618,348.49902,478.79807,471.04126,-85.71799,471.77853,402.75812,125.732544,508.00983,379.94284,251.63287,514.9071,374.75146,-251.07593,509.52484,365.4192,286.91022,528.92175,363.363,-278.34344,527.4702,360.78625,289.2575,538.5713,356.46902,-238.70209,528.332,366.15604,266.57147,536.42786,359.71744,-246.58907,544.6205,591.44336,-164.72232,534.26886,539.74927,164.33153,366.16425,442.9291,-194.62973,373.57193,417.463,112.54303,232.32806,604.3873,-199.10362,243.74515,565.36316,16.6703,239.84503,636.1381,-193.2089,246.47589,598.3473,1.3456868,123.7405,633.7099,-210.13678,139.5224,586.2585,-44.623
SitUp13_frame_0263.jpg,544.0095,285.70993,82.310165,554.87146,269.55884,53.39866,557.77057,269.92734,53.5342,560.83624,270.2594,53.39857,552.3607,268.15924,101.566864,553.5284,267.54523,101.54738,554.8485,266.86652,101.58593,586.84784,281.49478,-9.15923,578.19934,277.04147,204.20328,550.38336,304.11996,59.310577,547.1552,303.08774,120.454796,609.7399,375.49896,-146.68489,581.1587,344.48367,322.4249,484.62622,469.96942,-100.349625,474.85416,406.4638,113.84343,516.20605,384.04376,235.98303,516.86926,380.05066,-250.41763,510.9302,370.13007,270.87634,529.82764,370.39066,-277.61407,531.17487,367.08875,270.8983,541.1943,362.7303,-239.49396,536.35455,370.47623,250.15495,539.73846,365.2787,-246.39539,545.42426,592.43555,-163.6513,531.94006,539.863,163.25005,354.71643,435.631,-191.17201,376.41882,416.8495,119.16236,231.37808,601.2659,-188.76503,246.09424,565.0898,25.994158,235.46362,640.958,-183.08737,248.9308,601.5754,10.832506,116.96781,630.6444,-205.02104,143.17075,578.5149,-33.197334
SitUp14_frame_0078.jpg,251.93706,407.93124,32.06177,245.97925,397.77707,-3.7845035,246.3685,396.47797,-3.6734505,246.8252,394.95227,-3.8028839,246.32939,396.84995,32.502632,247.01392,395.0112,32.523495,247.81851,392.82416,32.60219,257.7163,380.43124,-99.21626,258.7587,378.07556,68.20747,262.7065,409.75717,2.5734222,264.16437,408.8653,50.6152,306.83502,387.95367,-181.54436,311.41742,388.92838,168.1372,227.3209,429.2215,-113.32659,243.8985,419.6415,218.81302,264.90375,372.96805,163.11931,272.58124,367.3083,246.44109,272.036,354.46582,177.81146,291.77615,356.15466,275.28488,282.6109,352.44296,175.50703,285.7287,347.49026,296.62656,280.19852,357.7934,169.7179,282.698,354.83096,256.20987,338.69986,564.82776,-146.96626,334.8579,549.6872,146.83427,187.78508,459.82452,-166.25063,193.65627,458.7729,144.27298,98.02131,573.47736,-122.97444,98.46293,576.4802,168.69565,100.572754,602.95624,-115.83729,100.71774,599.94867,166.96304,36.777035,591.33276,-145.6052,54.74852,581.8131,129.49576
SitUp14_frame_0086.jpg,275.85068,403.3148,67.90582,271.52042,391.99573,37.555244,272.10773,390.54233,37.672897,272.84305,388.81613,37.55048,272.07846,391.5374,71.03565,273.0641,389.80322,71.11041,274.25113,387.71014,71.19317,286.78534,374.11078,-45.65164,288.1116,372.55838,109.22932,285.92184,405.492,41.92142,287.71317,405.55658,86.2205,336.08582,391.14474,-136.74934,335.74466,391.022,210.32686,247.2356,425.78723,-53.08485,265.0671,414.63647,338.94913,294.74203,368.6182,237.55563,300.66473,364.74307,463.01288,296.70938,346.3166,257.85687,320.51083,353.51624,502.78558,311.6175,350.49338,251.36253,312.09155,345.93655,521.2266,311.08447,354.55746,242.83893,311.40176,351.50732,474.0026,342.9228,568.06366,-155.47742,336.5971,553.43567,155.3657,199.0439,455.41147,-165.33188,205.53377,458.30115,137.38593,98.8759,574.4152,-131.18843,101.53749,569.329,130.75601,93.61137,604.3127,-123.424164,100.33277,596.76843,125.797,36.31887,591.2659,-146.09486,44.588226,592.73425,84.12797
SitUp14_frame_0434.jpg,319.48276,416.6944,-31.284792,316.05066,406.81116,-57.456177,316.7431,406.02087,-57.36044,317.5999,405.07968,-57.48879,316.28076,406.2007,-24.133055,317.10834,405.18335,-24.053434,318.14908,404.07507,-23.995457,332.35864,398.27386,-117.849106,332.90634,396.5333,34.50818,329.65256,421.9742,-49.85464,330.7988,421.67792,-6.0358915,370.65085,425.43903,-193.78435,368.26767,414.499,145.84666,274.7133,428.76178,-159.62935,293.50253,412.7296,293.87854,332.4483,377.17783,44.19453,336.5816,372.59177,425.23206,339.69766,358.45627,46.55932,346.0553,354.55988,458.32056,351.38315,362.6798,36.453735,354.4532,357.42526,470.81464,352.20734,371.82657,45.02636,354.17517,365.80432,432.75485,342.2179,570.79083,-137.71904,338.72678,550.9673,137.72913,230.8627,462.33572,-172.98497,235.18568,459.9184,119.54499,136.1546,581.2259,-144.63226,157.55905,562.73987,121.48567,142.6907,605.00824,-136.67188,160.13144,588.40607,117.64171,71.35133,595.0178,-142.0177,106.168785,575.35724,91.963905
SitUp14_frame_0442.jpg,300.34183,417.42383,74.33206,297.3721,408.7156,52.2436,298.25992,407.69138,52.34451,299.35934,406.55353,52.261127,296.9388,408.7888,83.52827,297.56653,408.0954,83.60839,298.4562,407.32755,83.651306,312.35364,399.48505,-3.8623323,311.2789,399.5781,140.7703,309.43173,421.6176,56.417175,309.54007,422.02795,97.868675,351.66724,423.9387,-85.00783,338.23425,422.19562,226.82411,265.5901,432.17416,-61.697002,266.4225,425.20044,336.6849,314.99704,373.15933,119.41217,308.00073,375.27243,435.59332,318.65567,354.7671,119.908646,315.07516,355.95312,459.02243,327.69638,359.84134,106.78806,322.54276,357.63516,473.813,327.49673,366.8917,117.73704,317.59354,362.11075,442.46643,338.96072,567.8718,-128.61732,326.421,556.31165,128.35928,230.88026,455.60312,-175.13992,230.56137,458.03812,102.30286,150.29834,567.4037,-190.49391,161.06985,559.0807,30.14101,160.45859,604.43274,-187.30954,165.96107,585.4701,19.782042,105.993866,581.17175,-203.93515,112.96299,579.588,-16.61175
SitUp14_frame_0966.jpg,227.40395,386.44043,223.58957,227.36418,370.2203,211.45319,231.16998,367.09122,211.68488,234.83182,363.18787,211.64146,219.2971,374.64038,253.69672,217.76572,374.8019,253.74837,216.2572,374.90244,253.75435,254.38641,352.99576,193.92337,231.85371,364.02667,391.24478,249.20699,387.14627,217.56192,240.46008,392.4063,273.53668,335.59195,378.02222,78.7806,248.10678,402.56903,437.76965,215.13904,421.526,21.938604,144.4841,410.52975,275.65662,240.0396,323.79922,173.01973,202.28127,329.66324,97.82681,245.3416,302.56445,178.04813,223.92459,303.3383,93.99585,257.90567,304.6886,181.18674,232.88849,303.40628,137.14096,258.83765,311.6088,179.88988,241.3492,307.8488,109.07358,336.23566,612.8735,-156.61398,279.2029,604.14606,155.67404,151.5065,456.38715,-278.43005,120.23607,452.68503,57.975685,43.108334,646.3898,-455.87558,33.10406,628.01373,-188.25833,46.74423,683.8052,-471.64423,32.219444,660.3193,-218.97404,-45.480137,672.8563,-546.95135,-42.617855,652.4756,-309.00726
SitUp14_frame_0967.jpg,224.62222,398.86948,251.19415,222.04813,383.9019,237.7978,225.55692,380.87357,238.05565,229.14471,377.71082,238.02657,215.37361,388.25616,283.02298,214.16295,387.70044,283.1031,213.01967,387.1595,283.1207,249.8668,362.22867,216.34752,227.87122,372.7576,427.6538,246.43991,396.22656,244.51318,238.42271,400.4964,304.4951,334.98532,380.61264,100.13874,243.38434,397.59467,468.71585,211.71524,423.5703,24.936626,138.73878,405.1374,268.044,235.53526,319.96924,168.69458,198.34401,324.54288,53.058937,239.78809,299.36813,168.99536,220.21498,300.53207,44.256626,252.93352,299.21503,174.60905,228.83792,299.33533,87.36387,254.49037,307.80487,176.35953,240.30774,303.50888,63.313248,335.86813,615.9245,-159.55421,276.88846,603.3875,158.68814,158.35063,460.16528,-339.81244,119.565865,454.32428,9.920928,43.37896,648.38696,-568.1631,17.052841,634.7422,-300.79352,30.550747,705.8614,-590.52545,28.192635,672.62994,-339.25308,-41.242374,672.57935,-688.9226,-46.4435,654.499,-443.12424
SitUp14_frame_1190.jpg,271.218,418.7121,-75.595184,268.0918,412.11578,-109.04259,267.75513,411.93546,-109.0368,267.38275,411.73526,-109.14793,270.8906,409.6503,-76.18847,272.61536,407.8677,-76.11391,274.25717,406.06042,-76.05106,277.41315,405.762,-195.17603,285.36835,398.92078,-43.363647,278.57114,422.60724,-100.90419,281.0961,419.64795,-57.056236,303.59927,420.34448,-252.5575,327.4089,408.46448,72.90778,220.9115,436.0227,-194.30711,269.20438,418.63992,223.62662,274.44922,377.6128,-7.7443037,294.2261,388.04843,324.64584,285.88837,362.60455,-20.741884,298.6969,369.48645,353.40485,293.55457,365.06155,-35.36576,302.09,373.11414,352.97067,292.3974,371.27014,-10.528437,301.31027,379.53812,328.31,315.32892,554.0593,-132.01889,332.15186,543.6434,132.16905,216.5812,456.499,-163.56674,263.91376,441.80066,262.60037,145.55458,534.3984,-110.796425,208.48544,519.88104,389.53113,145.24167,559.6551,-104.920204,208.05676,542.74695,398.64124,94.27248,534.5802,-140.01648,175.29285,531.9842,383.0503
SitUp14_frame_1198.jpg,255.28471,421.52087,-69.06988,251.56142,415.10336,-99.435455,251.56136,414.44934,-99.42444,251.68248,413.69006,-99.535904,253.7918,414.08203,-66.71792,255.2809,412.92795,-66.649185,256.72372,411.66776,-66.56865,263.35736,406.9174,-174.59024,268.5816,403.58322,-23.548857,263.65442,423.85065,-91.3576,265.7964,422.675,-47.787792,293.2558,418.34088,-219.26556,314.44186,410.10858,97.01976,216.45642,439.3655,-157.07405,253.45468,422.77887,254.78732,263.41684,380.98846,35.672905,280.44977,384.3318,364.63623,272.948,364.25372,27.134222,284.90134,365.48877,394.99347,281.53622,368.65036,12.607627,288.9958,370.26422,394.87207,282.22522,375.71674,32.947903,290.00385,378.07135,368.53976,314.7801,552.7373,-129.03064,332.3475,543.65265,129.08487,213.72316,455.58353,-134.49406,254.72046,450.7022,203.32039,143.9883,532.93567,-53.216114,199.431,533.43585,279.05112,145.38405,556.82275,-44.204605,192.57011,540.98694,282.6297,93.69254,535.19727,-70.57288,168.61757,529.0381,258.1306
SitUp14_frame_1287.jpg,298.75552,415.45526,20.935526,296.52774,407.7401,-8.292953,296.7952,406.9716,-8.233009,297.1678,406.0272,-8.324923,298.22873,406.7374,23.693966,299.8007,405.44055,23.768326,301.2687,404.0194,23.812515,313.3402,397.57977,-83.52366,315.64114,396.026,63.62014,307.81018,420.11273,-1.7385032,309.71375,418.52484,40.53337,348.88672,414.43768,-163.11484,348.0329,416.57547,164.66652,252.15657,431.72488,-113.37169,276.86713,425.91562,262.5332,305.91623,372.5428,103.56663,311.9103,386.32663,339.7823,317.1222,358.79745,105.003075,341.4494,384.3173,363.02777,327.63367,362.4277,91.823845,349.92114,383.83173,383.71515,326.54288,368.5999,103.29481,344.19214,384.88797,350.08893,331.87643,565.5868,-142.2043,339.39655,565.1428,142.16617,225.13269,459.97113,-193.2046,260.60587,455.76865,277.76077,135.93384,537.8431,-197.37816,180.0418,546.0956,396.04288,134.02553,564.05865,-195.19646,177.47612,568.3746,404.87173,79.890236,534.0731,-228.33282,137.76518,539.22955,390.43463
SitUp14_frame_1295.jpg,263.4216,420.02957,-54.52336,259.53506,412.56757,-96.739685,258.925,412.5082,-96.70232,258.36578,412.41525,-96.82949,263.66742,410.1459,-63.501938,265.9675,408.51105,-63.423557,268.23608,406.73898,-63.3661,268.39008,407.27298,-212.50897,281.29224,399.0072,-58.86848,271.41208,425.10138,-88.30901,276.32782,422.12054,-43.997665,294.53076,423.4696,-287.28326,340.01965,404.74176,64.078064,207.72713,446.12692,-205.38069,288.18933,412.312,249.00412,265.0844,379.09082,15.397638,296.32602,385.5209,369.7321,276.12997,363.17935,2.100575,295.55545,371.30185,404.43396,284.21533,365.4371,-12.02065,297.44678,373.18933,396.99286,282.7268,372.00766,13.278819,295.16718,379.6115,370.91504,324.1409,570.06525,-149.83807,347.901,558.0823,150.00858,205.56192,463.38565,-153.7139,258.78714,455.24057,275.21964,120.58452,545.63873,-76.02754,167.25969,538.435,420.9066,115.677925,573.35315,-67.52625,159.88983,560.31604,431.18314,59.06765,540.29407,-103.95704,128.17096,524.51855,404.1662
SitUp15_frame_0071.jpg,500.02115,594.5438,97.17959,500.1283,587.7295,106.23357,499.53616,587.1148,106.20694,498.89014,586.1859,106.22794,500.33618,587.5114,74.358315,499.8345,586.74286,74.32348,499.6231,584.1861,74.316956,488.22925,578.0449,157.51772,488.189,577.8004,12.957015,495.06613,598.5669,119.84348,495.37067,597.94666,77.99445,457.71628,602.73047,229.83212,470.10773,590.03503,-64.84006,493.77853,655.3754,264.05862,534.40155,601.61145,-33.021378,495.01553,662.45184,196.00873,499.67014,550.2362,173.85095,494.46274,667.8305,194.0533,491.48816,535.2312,188.08087,489.3042,660.8468,190.49568,485.399,540.8487,174.50438,489.1522,659.35516,190.50774,486.83112,548.62036,175.49985,437.11502,719.6569,105.52913,446.49857,716.16266,-105.89613,521.2078,643.05615,190.87613,533.5261,628.32794,-125.51817,523.6299,738.67566,193.06549,556.7298,737.96234,-182.26866,514.4244,754.9978,193.8123,557.31195,757.0862,-184.22577,551.9356,756.45807,187.54091,610.8733,759.442,-200.46931
SitUp15_frame_0072.jpg,489.67352,590.8851,80.46024,490.28232,585.0433,89.83153,489.8885,584.7626,89.83346,489.95508,583.0832,89.85856,489.77167,584.75574,59.92137,489.39465,583.1842,59.922443,488.45267,582.3611,59.916084,479.24115,578.26715,142.0263,477.31876,577.4258,5.856444,485.0433,595.2644,102.69539,484.36313,594.42224,63.07073,450.07794,598.68835,224.41843,467.9942,587.0419,-71.87657,495.44855,613.796,303.77518,524.0463,595.6691,-57.524944,485.04712,563.2372,314.58276,489.88797,548.9492,125.21041,483.91492,572.2263,324.24973,485.6949,532.4635,134.3872,467.63306,549.2666,329.6501,474.42307,539.13605,125.02835,472.68976,554.30963,315.00687,475.87976,546.5803,127.88468,432.00305,716.62146,108.212975,442.2393,712.2354,-108.56259,522.5971,637.3632,157.65979,532.31335,631.2151,-135.52237,543.8736,733.58057,173.92856,556.7309,737.38824,-168.6171,535.98584,747.42114,175.34494,559.22363,749.8977,-168.09439,572.78326,748.68677,166.45778,604.8869,755.8839,-182.50305
SitUp15_frame_0260.jpg,497.76578,601.12463,45.3429,499.34827,595.28326,53.47867,499.13995,594.39355,53.47853,498.9278,593.17773,53.49881,498.75308,595.00146,23.50428,498.04047,593.9524,23.481033,497.2651,592.61365,23.48945,490.05475,585.7023,110.48396,488.22928,581.61475,-27.402775,491.74976,605.9827,69.88118,490.6775,605.02814,29.998861,459.4835,595.72394,192.15495,460.1836,592.38544,-89.552124,516.6293,613.8246,215.24788,518.9485,615.0967,-76.75581,499.14798,570.1908,158.92119,503.79727,563.3036,101.5577,495.61047,566.6603,156.28394,497.9453,551.2567,111.603745,483.9493,556.2625,169.58669,491.76093,552.8323,96.9815,484.56528,561.7896,159.60736,491.66092,558.4765,101.44224,424.20685,712.6575,105.546455,431.53427,713.9164,-105.80005,519.2215,636.0044,163.46475,525.9575,635.48914,-113.90774,540.5459,732.3856,195.10657,557.77313,741.3152,-129.56493,533.89294,748.99866,198.69176,547.7775,757.34125,-126.96168,566.40393,744.3469,189.83864,605.27716,760.89545,-142.59161
SitUp15_frame_0261.jpg,504.40747,603.62616,53.50073,505.17676,597.6319,61.388447,505.1963,595.45044,61.39253,504.66534,594.2356,61.400368,505.88956,596.7544,30.726088,505.22873,596.05865,30.70459,504.59702,595.0884,30.690044,495.59705,588.12256,111.944664,494.8764,587.57,-29.210001,497.9385,607.7396,75.6195,498.41354,606.39844,34.744408,460.9284,597.70386,197.19803,467.2991,596.9252,-95.08282,514.53546,616.4153,292.40897,530.168,618.12976,-58.21386,507.5632,571.65106,320.31882,511.94046,565.3551,143.43643,504.99774,571.91797,331.0811,506.25327,554.3362,157.22453,500.27563,570.62384,340.38647,498.86014,557.42255,142.63226,502.09604,574.18085,321.97104,499.33368,560.6214,144.59822,432.5776,717.40607,104.9433,437.0784,717.65076,-105.208855,520.26996,644.1196,192.62175,526.87445,635.8259,-102.170586,532.7169,731.98254,254.65262,560.61554,740.6742,-106.19628,527.1164,747.92163,261.37094,550.79297,757.4991,-102.295334,555.32635,742.366,253.39078,605.8671,759.7727,-118.92846
SitUp15_frame_0405.jpg,501.31943,616.431,44.07404,503.20465,608.17883,50.267086,502.49518,607.45233,50.29851,501.81607,606.5429,50.32243,504.00903,607.9305,20.068457,503.78815,607.2192,20.032248,503.4714,606.4248,20.037237,494.14105,599.0455,94.49871,495.6651,599.178,-46.01103,494.23987,620.6626,63.95019,495.1629,619.5901,23.15584,455.02454,603.6077,188.0664,473.44058,606.0574,-117.49864,504.0238,628.81555,333.71594,536.28577,628.24854,-75.80073,503.2356,594.7768,417.832,509.2836,578.0276,139.64554,499.17902,587.2702,440.58484,504.1771,565.34106,154.83916,490.42334,569.2833,443.54852,494.88876,570.0083,143.86034,491.15063,573.414,418.86368,494.67883,574.47174,142.22859,426.62512,727.6928,111.28731,441.87042,737.2678,-111.53703,513.9752,652.1042,183.96527,527.7437,648.6097,-99.912094,532.8159,749.36865,247.09894,557.65814,754.4439,-70.59597,527.6135,765.0904,253.01262,560.16327,775.5493,-63.207382,556.65826,765.6805,247.20589,601.60547,773.7218,-71.77078
SitUp15_frame_0406.jpg,514.4277,610.9951,60.19858,516.0698,602.28296,62.006798,515.2174,601.3319,61.994637,514.3269,600.3028,62.033875,517.14087,602.39984,30.985464,517.0365,601.4999,30.93746,516.8101,600.6481,30.936186,504.1063,592.87317,87.28461,507.4247,593.7923,-56.115486,506.2588,615.7057,73.6154,508.20505,614.3039,32.243168,461.91153,605.384,142.5511,486.01596,609.0649,-126.992455,488.47665,661.7163,160.98405,545.60065,629.33264,-111.901924,497.9714,684.3491,46.83597,514.1499,582.0094,76.70805,501.30234,693.9269,35.58311,506.9642,571.67145,84.78492,495.19583,687.6437,22.013582,499.8211,575.7305,73.91466,494.06274,685.302,36.0709,501.02994,581.4361,77.880905,428.03314,726.2552,102.95525,442.06165,738.2632,-103.26922,527.6151,653.4071,239.15656,533.4489,648.31726,-103.856804,537.3181,750.98456,329.21396,562.8887,755.3093,-63.827003,528.9639,768.444,338.223,552.4433,775.73553,-56.80456,567.9918,760.5187,334.87244,611.044,778.16534,-73.536705
SitUp16_frame_0037.jpg,223.61092,596.3543,-20.348633,221.6468,586.44183,-52.774628,222.77359,585.1562,-52.70751,224.23798,583.5152,-52.79145,221.88199,586.18713,-16.758034,223.09914,584.80524,-16.733034,224.76093,582.9937,-16.607807,241.26564,569.0348,-127.81479,243.09285,566.98083,38.3863,235.79543,600.30444,-43.23968,235.80345,599.90845,4.5906625,277.83838,605.6628,-192.14561,289.9331,602.9894,155.39653,195.41026,618.00916,-167.81805,215.102,611.81604,331.45163,249.7237,550.3579,36.02509,268.84213,557.7671,476.31955,256.6392,532.2814,34.7357,277.877,541.7606,507.62384,266.46252,535.60376,24.321928,283.9888,544.4595,519.24384,266.6077,542.8415,35.05608,283.90714,551.1756,483.3617,290.40805,779.9238,-142.10211,297.91287,767.3373,142.07922,178.29999,666.6902,-145.68832,182.64917,665.2792,137.02277,84.39478,768.7771,-74.702736,91.383354,764.69855,136.54793,88.20036,792.32635,-65.514206,97.47495,788.5944,131.33685,18.9029,791.07306,-92.68228,38.731655,792.74286,95.69311
SitUp16_frame_0038.jpg,235.38748,594.3702,-6.033751,232.75375,585.5313,-40.635395,233.88794,584.5095,-40.58002,235.36618,583.2437,-40.678856,233.2906,585.4354,-6.823825,234.72661,584.3743,-6.792472,236.62924,583.0149,-6.675846,252.28998,570.9799,-124.28141,255.841,568.0666,31.01831,247.90619,598.514,-31.125166,248.51201,598.51733,13.633504,286.8025,606.6387,-190.15211,304.71237,603.56793,140.9722,207.61868,611.1273,-151.7597,272.21448,593.8667,326.41595,265.33078,555.1371,68.5318,309.87994,563.32367,488.856,273.38293,537.28296,71.21701,320.4076,559.8234,523.15796,284.19537,541.99817,61.9839,325.73022,560.7283,532.77423,281.72083,548.5232,68.97138,318.1212,563.1309,495.71497,290.1018,777.76807,-140.77835,297.8274,763.5438,140.72371,179.97105,667.66174,-129.46223,183.44698,664.7013,130.34448,85.050575,774.37244,-55.595776,92.315346,768.3682,131.45998,83.94381,801.0592,-45.475967,97.78757,792.3831,126.409355,22.649582,797.389,-71.18996,35.93334,797.1743,90.32737
SitUp16_frame_0609.jpg,333.64658,444.67865,196.92947,324.89832,429.53738,145.59357,319.32034,432.18756,145.59355,303.84427,430.66983,145.47827,335.94983,424.91605,147.58269,338.87888,423.6212,147.69835,342.00037,422.4051,147.63408,301.9015,438.0605,-9.739137,353.24924,440.81204,0.030309837,325.27087,463.5973,155.56383,339.3827,460.2803,158.43573,253.0564,514.6536,-71.41956,436.31967,508.23572,-62.330433,213.51283,495.93115,-230.53496,444.5112,461.64914,-305.29037,278.249,424.39084,-413.22308,400.41183,415.20016,-612.16364,298.1376,396.48685,-462.52832,376.67905,387.4521,-668.7256,325.57684,402.06357,-444.48715,348.66537,396.68216,-662.707,317.22592,414.5962,-411.75003,362.2948,410.09485,-619.0754,292.24374,791.8362,-2.4442787,412.59833,785.14703,0.9064097,240.6477,824.82544,567.3491,459.83606,836.6718,540.30145,306.43463,822.6299,656.5015,434.6319,871.8769,607.80493,325.5294,822.6986,675.5313,426.13065,876.207,624.45844,322.68027,826.2103,755.39746,446.8404,895.58606,681.474
SitUp16_frame_0610.jpg,333.33752,452.53192,83.43313,326.05206,438.46368,30.25702,320.30988,439.29962,30.226002,313.75198,440.25223,30.11659,336.7915,436.0462,32.08077,340.39383,435.74185,32.204536,344.29147,426.98468,32.1718,300.8453,443.7812,-116.03079,358.07846,442.8673,-108.1735,325.30698,468.38782,46.335754,339.63464,467.24506,48.80237,251.59822,519.6191,-166.3026,435.42252,510.08887,-161.86185,235.28964,491.6361,-323.18738,454.5783,451.58875,-409.86154,285.4396,426.5503,-504.17267,391.93427,423.25104,-724.95593,311.18607,400.3378,-564.27234,370.04074,393.5342,-795.12573,324.59723,406.92886,-549.97797,347.68204,401.2447,-795.5619,317.63824,420.78586,-505.51184,353.67334,417.12396,-736.63464,291.83392,790.24695,7.9072595,410.46698,787.9352,-9.295278,255.23296,799.1079,616.7306,449.98413,813.6632,529.77136,305.79492,833.78296,796.3178,425.31372,867.68555,735.62994,320.3061,846.2169,822.76355,414.97186,878.99744,765.389,318.02887,824.2508,877.8847,440.5875,878.0932,819.21735
SitUp16_frame_0830.jpg,229.05571,574.8686,-60.069813,223.3484,566.3187,-96.4563,224.19093,565.47,-96.40459,225.5135,564.1715,-96.52175,223.92455,565.6222,-62.670403,225.09854,564.2547,-62.62935,226.54247,562.4718,-62.520473,242.11911,547.38367,-181.17877,244.89969,542.23175,-24.423855,243.12526,577.11255,-84.64287,243.9815,576.5974,-39.332127,281.30618,569.6413,-229.94235,299.4466,566.2357,80.98373,206.5345,587.25476,-181.93915,247.55545,579.24,207.9441,252.01247,529.19226,35.69516,277.16956,541.8969,313.13565,260.0886,514.33484,35.674835,285.09003,535.11487,336.03473,270.57724,516.84467,26.610682,291.51624,534.9973,345.18457,270.3697,520.9514,35.510582,287.91635,537.55444,318.32144,302.00598,731.9801,-131.75354,309.44232,723.4479,131.71336,185.83998,629.3558,-140.38007,188.51187,628.0377,133.29819,94.301575,736.1096,-82.76609,90.279785,750.6356,160.09077,86.917496,756.35095,-75.21728,99.18489,751.11304,158.69354,36.884987,753.61993,-100.27525,49.185276,757.1476,132.81189
SitUp16_frame_0831.jpg,219.83801,576.3301,-33.008827,216.29967,567.8625,-70.34012,217.22966,566.7781,-70.299095,218.37529,565.4096,-70.41389,216.67867,567.62445,-38.028835,217.85841,566.34283,-38.000523,219.3536,564.6511,-37.918343,233.16559,547.7634,-162.18367,235.54524,544.20966,-12.862851,231.85255,578.65027,-60.010128,232.59134,578.2915,-16.82859,268.15955,566.72186,-215.42464,293.82773,560.75555,81.337814,202.06012,592.08124,-171.27948,263.80713,573.9374,217.68388,242.19016,531.8627,40.460705,277.7739,544.65405,321.30402,245.27943,515.918,39.90434,282.10748,540.6896,345.06274,255.15118,518.91736,33.50778,286.5156,540.4479,345.30603,255.22112,524.1571,41.267086,283.74835,542.3429,323.62454,298.48172,730.32043,-129.19345,301.56195,716.78503,129.13728,183.294,627.97656,-139.39523,185.42107,628.75256,126.90641,97.03722,735.7302,-80.51539,93.226204,752.28955,157.17914,92.38815,757.99713,-72.22307,105.77843,753.82886,155.98729,32.200584,749.55206,-88.79489,50.697678,755.4048,133.50435
SitUp16_frame_0946.jpg,312.91312,536.5687,115.58087,317.60187,523.1611,96.3482,322.29446,521.73016,96.60481,327.5353,519.85095,96.575584,306.9724,522.41003,142.71529,304.11246,520.7868,142.71843,301.21033,519.0376,142.7343,346.26834,507.7915,86.43411,308.89676,509.34814,301.38788,328.44333,545.5211,115.99205,314.76355,545.5903,176.6858,423.11707,543.7434,41.113235,320.98325,538.55054,405.23074,377.10373,608.733,-13.666045,230.50876,572.57904,231.08778,363.4717,493.44977,158.04594,294.7604,502.8437,40.92535,361.62903,464.75458,162.54736,324.23822,483.8697,30.409052,374.60086,468.25333,166.5084,329.41614,489.4211,82.76812,377.50925,479.70117,165.78494,328.55704,496.32812,55.361813,412.70325,761.2365,-153.8371,356.86374,761.8163,153.4592,287.99902,609.20874,-436.12488,232.06084,610.4223,-40.09863,192.27652,809.22003,-633.932,140.2709,793.5332,-376.9025,210.53044,849.1688,-656.41736,162.39984,832.6515,-420.59912,112.564674,873.24066,-774.5078,78.15462,848.6474,-544.9504
SitUp16_frame_0947.jpg,310.60944,528.5387,149.69055,317.46323,514.0652,135.6215,322.99716,512.4126,135.86665,328.05975,510.60144,135.85646,305.2269,513.7206,179.45781,301.63797,511.97678,179.44083,297.94345,509.96384,179.42719,346.14734,501.21918,142.48799,303.9555,499.69623,346.50104,324.60468,537.69324,155.78072,309.93872,537.9333,213.30334,421.42816,537.35376,95.09494,309.05298,540.984,439.3903,378.52072,599.83673,8.680327,227.5796,569.5221,238.10718,366.22723,492.73364,128.20085,293.0994,501.57294,19.20107,361.3206,459.61908,126.318855,312.657,481.83426,3.0151036,371.9111,461.6125,131.13121,323.89438,482.30005,54.61259,373.89835,474.20923,134.43361,323.76273,494.95074,32.65259,412.77682,761.0476,-149.26024,354.54504,761.6105,148.81696,293.88394,607.45984,-420.52316,227.40094,611.3064,-55.54913,191.67953,809.1105,-658.31714,134.13672,793.24835,-434.11664,210.16998,846.8374,-686.1855,159.88423,830.16077,-482.65045,115.03699,873.50366,-811.0372,68.82531,851.0718,-611.02606
SitUp16_frame_1047.jpg,221.55176,600.68536,-11.590639,218.64944,592.00964,-44.588562,219.32436,591.2182,-44.54046,219.95058,590.05676,-44.635303,219.54263,590.6549,-9.865245,221.05623,589.0172,-9.847408,222.61781,586.9172,-9.789996,238.3921,577.3223,-124.201294,236.96669,578.4514,35.858105,230.8901,606.6191,-36.18295,232.40921,605.3802,9.951058,257.7288,612.1422,-187.8763,286.3414,604.4983,144.40305,173.54192,621.5149,-161.01105,226.1104,607.2084,284.6245,221.82115,560.65674,16.392467,234.51338,556.3769,382.5247,229.21567,540.5808,6.397131,246.22511,537.8055,400.79886,241.15947,547.308,-8.127322,250.87856,540.41064,402.38412,239.49588,558.9751,12.536285,251.8802,547.9578,384.21622,269.00345,771.7461,-134.35025,287.70294,755.88617,134.3378,179.4143,649.51385,-130.38576,196.95248,646.22003,120.082275,118.633865,751.40656,-17.316504,122.710625,760.49207,118.23363,123.57219,775.1926,-1.8046443,123.424034,785.9412,114.36396,69.636795,770.364,13.987962,86.02297,767.1195,92.89844
SitUp16_frame_1048.jpg,232.6712,597.2197,31.2707,229.75,587.87054,-2.0338933,230.09244,586.36224,-1.9738108,230.44759,585.1633,-2.0465996,230.42055,585.74756,31.753168,231.74512,583.99646,31.774376,233.28827,581.6813,31.811863,242.50908,578.191,-83.6569,248.16405,571.04895,70.86496,240.95226,601.5377,6.708076,242.2141,600.02203,51.148228,264.55478,609.801,-169.07805,305.37256,597.8217,184.25551,182.13675,616.0674,-126.187294,258.84882,602.968,343.82477,229.35497,555.9057,79.82739,248.17433,556.5121,451.3196,233.89825,537.773,77.78238,256.55502,539.9012,475.65033,246.64279,542.361,60.471905,262.28302,544.2344,474.42926,244.5087,552.97864,77.05412,261.83716,550.9397,452.4137,269.61716,771.4546,-144.69664,291.36606,754.7891,144.64813,181.16112,656.49915,-147.76183,205.6929,649.70856,138.60384,116.68656,754.7169,-65.07691,128.64749,763.53766,118.82269,125.02193,776.59357,-51.38554,139.31839,773.1095,113.36866,64.40561,771.94604,-31.502052,93.941475,760.30786,94.626595
SitUp17_frame_0101.jpg,455.90845,439.98254,-94.25482,464.17438,418.67188,-65.73154,466.38705,417.89807,-65.92334,468.56433,416.74463,-65.96222,451.67563,417.54,-106.976685,444.22708,415.8888,-107.04709,436.03342,413.53577,-107.111046,453.59943,410.6053,121.49242,399.64563,407.17633,-64.483055,450.86212,459.5836,-19.289238,430.73456,461.2055,-73.452866,458.91608,485.9818,214.85245,295.34012,493.54285,-96.63458,580.7618,523.0688,-33.06952,421.00992,593.8694,-327.0064,485.54987,380.3665,-369.67242,384.5125,418.31723,-367.44745,463.32413,340.7376,-421.60098,368.33337,380.64804,-379.8304,453.34027,337.91846,-345.15027,355.34515,380.7988,-376.9031,458.40378,359.55005,-350.28342,358.23398,390.64868,-363.88715,458.78284,761.4282,134.0836,374.38745,800.9448,-133.83388,631.4379,597.9257,-35.37854,525.6084,666.3116,-389.1857,720.2016,850.7065,-145.02069,659.6153,889.57227,-386.39563,698.0014,889.96985,-156.63011,654.7041,936.0285,-375.9938,820.695,915.3402,-261.55405,765.56903,962.89575,-446.68942
SitUp17_frame_0109.jpg,490.34726,461.77994,-92.93837,498.53348,442.96436,-71.67608,500.70923,441.3791,-71.86929,502.78818,439.4287,-71.87429,488.28577,442.38086,-127.8315,482.73193,440.34528,-127.888275,476.617,438.00183,-127.92391,487.9697,424.0364,98.62342,444.78775,423.19302,-153.78618,483.05627,473.41476,-19.14854,465.55515,473.40988,-92.582794,470.7812,469.11108,233.7476,330.29062,498.52448,-178.67714,593.6678,550.1135,42.463818,440.35794,619.0287,-334.3119,514.427,408.67642,-339.34518,426.9393,439.8813,-326.843,498.33453,365.25333,-394.04724,411.70663,394.08047,-345.75995,487.65942,355.20905,-333.53375,397.0984,390.17227,-340.43045,482.55896,384.24463,-326.53177,400.2124,402.62283,-319.6654,452.64688,710.2672,153.08594,363.85025,755.91364,-152.87222,624.0813,601.12744,-221.63083,523.41,654.89075,-497.0432,740.59033,834.0262,-233.56473,646.3284,864.80164,-422.5743,700.8923,856.2064,-233.85974,639.8521,892.3487,-405.07806,820.522,885.1264,-359.55423,756.014,920.102,-495.59836
SitUp17_frame_1400.jpg,340.4931,521.97595,-188.64449,337.60455,507.88446,-166.52174,337.72635,507.3401,-166.63472,337.72028,506.71942,-166.68773,333.68692,509.0361,-211.56458,331.24347,509.27808,-211.6142,327.59796,509.66046,-211.58788,324.59793,507.07608,-24.425312,297.0003,514.18176,-225.56906,337.81598,534.1293,-129.74849,330.47812,535.334,-187.96213,313.6586,561.3122,151.0436,286.6223,595.5066,-273.54138,398.63467,593.7054,166.53535,412.0761,614.45416,-262.99582,343.08102,518.5515,-8.585275,341.29837,523.00116,-101.156166,331.67813,513.28705,-36.812595,336.42163,500.97305,-115.44558,309.62296,500.34888,-22.692982,318.3951,501.8963,-132.99551,323.61975,511.5003,-10.845186,315.24594,516.06354,-102.792595,379.31357,725.05005,151.78268,372.03784,747.78937,-151.79504,466.9262,601.8586,119.756836,469.9008,620.6333,-241.29419,540.895,727.9784,172.10655,543.4115,740.8063,-136.92313,533.15063,758.06146,178.24127,533.2764,770.47797,-120.15378,591.6051,742.78107,146.57729,600.77167,753.3928,-122.282326
SitUp17_frame_1401.jpg,332.08182,528.03046,-277.95148,329.0217,512.97235,-259.2654,329.03598,511.8167,-259.3498,328.98264,510.8142,-259.40442,324.89908,514.8582,-304.44678,322.21124,515.49023,-304.53656,319.5844,516.28937,-304.50406,317.85483,509.92987,-116.31015,290.13235,526.00775,-318.46872,331.42267,539.1781,-216.56625,323.7341,543.20386,-275.39703,311.25192,556.56616,77.28186,277.632,601.19476,-346.55423,389.18423,574.66864,118.52101,406.83167,612.374,-344.55484,327.7591,516.0227,-31.828226,326.9814,521.4387,-197.59596,314.3929,509.19623,-53.785484,319.79788,498.28308,-214.18544,293.07108,501.93832,-39.34153,291.62518,509.72473,-227.01651,306.29407,507.84827,-31.944815,301.15863,515.70276,-197.47897,378.6067,713.8571,149.52211,368.587,745.2523,-149.47281,464.12915,590.66705,60.30337,468.1384,624.0277,-265.15878,537.5731,725.5668,148.30919,542.0526,744.6008,-143.7328,529.83386,751.574,157.99599,534.5386,776.34656,-125.56053,597.4626,740.193,120.097496,610.3379,758.1485,-144.3695
SitUp18_frame_0395.jpg,450.74243,502.39978,-249.01776,459.14725,489.6277,-250.12857,459.40808,486.4193,-250.28137,459.3691,483.01025,-250.32509,456.49448,492.2126,-304.92862,454.92047,491.0977,-305.0835,452.90216,490.1353,-305.11102,445.95715,459.28574,-162.66222,431.2227,470.53604,-410.8476,438.1036,499.57156,-201.78749,432.7259,502.4846,-274.3719,405.08377,437.84937,-24.651558,336.57947,502.60687,-429.7545,490.07306,547.6006,-223.61497,422.87326,626.7745,-465.39066,472.55823,440.11276,-629.374,427.25735,473.16956,-345.10815,468.4713,424.38678,-683.0983,430.76938,446.6632,-359.77148,455.9054,423.909,-648.6563,413.97955,442.12338,-369.94708,450.36157,439.51025,-626.7455,412.0269,449.07516,-342.56128,361.68164,630.13983,157.24902,312.49316,666.2633,-156.87355,498.17847,539.08936,-104.56484,462.01727,559.7865,-503.042,576.30536,709.22156,-107.48788,554.93915,744.51306,-503.0761,556.6827,747.3207,-110.54321,540.5425,771.7935,-500.66483,652.6938,751.0861,-212.8469,647.733,780.40295,-614.3923
SitUp18_frame_0403.jpg,469.6457,509.85233,-193.04706,481.3495,498.17297,-194.84222,482.61072,495.21045,-194.99463,483.4151,492.13013,-195.04388,476.21826,500.0844,-249.93225,474.08435,498.7119,-250.07523,471.54813,497.50778,-250.10698,472.04758,468.09018,-119.88381,453.52295,477.68338,-370.98117,458.6847,506.2356,-151.60628,450.27527,507.88693,-225.25429,422.87732,446.17377,-1.5391562,350.76944,502.68158,-386.5978,474.33746,570.22546,-164.25339,425.85013,638.4563,-415.0117,478.13303,482.27768,-538.1306,442.12335,493.70908,-303.42453,488.78006,434.6975,-586.0511,448.71997,463.06943,-315.51642,470.75162,449.17505,-558.0513,434.2399,456.50928,-326.27487,465.24387,457.0236,-536.20496,431.7451,463.6113,-300.93875,365.96878,623.56555,142.81097,317.98795,666.14166,-142.52376,506.97195,545.1166,-25.35235,474.72977,570.6477,-403.5571,575.0982,714.156,-30.239748,551.6747,750.021,-389.81967,554.56213,749.084,-33.57681,536.7174,777.5143,-384.26987,645.49207,762.16125,-125.82029,643.14825,782.5029,-466.48163
SitUp18_frame_0410.jpg,471.04242,512.7467,-168.96953,480.80576,501.34753,-170.67854,482.1581,498.81567,-170.82278,483.17194,496.21353,-170.88867,475.56088,503.72653,-223.74039,473.43307,502.58093,-223.90248,470.98578,501.5422,-223.91272,473.63754,474.27985,-86.693275,452.53027,480.36636,-327.35443,462.74615,509.65112,-123.411766,455.27786,510.86594,-193.95047,433.00012,449.28992,53.541897,354.9546,499.58185,-339.8814,508.88724,588.4162,-62.833553,427.16956,638.17175,-363.91333,517.4987,561.9556,-392.35345,446.09427,496.1859,-267.1705,525.4593,555.4951,-430.72525,450.85596,485.37613,-275.17807,515.5814,542.8811,-416.7588,434.79474,459.21698,-288.42276,507.13693,544.83655,-395.17413,433.90732,468.80707,-265.73407,368.88516,639.81195,146.60066,324.097,664.41187,-146.28244,511.28372,556.8446,-128.19106,465.3439,577.9822,-417.65244,579.0061,721.5686,-188.70634,559.55347,752.2326,-453.6632,562.64825,773.98755,-196.17674,544.84576,781.748,-453.81525,651.1609,760.1523,-297.39642,656.6585,783.5798,-548.5834
SitUp18_frame_0418.jpg,457.81763,487.62683,-95.26728,466.52164,474.28137,-88.99169,467.3753,472.4433,-89.14066,467.97278,470.63617,-89.16094,461.57846,474.71616,-145.21056,458.94806,472.5528,-145.32658,455.50858,470.89188,-145.33522,454.1246,452.01996,18.293888,429.88342,451.4834,-237.24478,447.43414,487.82285,-43.33208,438.92157,487.28217,-117.80849,420.73242,444.25827,165.2233,331.4969,482.9676,-257.35608,513.4617,572.50366,80.89042,411.9294,614.393,-250.44052,501.35672,513.4118,-204.41853,429.60138,472.24258,-104.446365,500.0359,504.04678,-238.79765,433.52646,442.4631,-100.31184,486.29535,488.5371,-212.1955,414.84277,436.294,-116.224556,480.67023,490.73227,-201.7846,413.4542,445.00513,-102.21539,386.41092,635.207,149.50993,328.56107,676.06946,-149.22806,553.3106,548.4622,-126.00074,469.90033,551.6283,-405.83362,590.3034,728.0167,-195.33617,557.94214,752.29584,-416.99655,571.3335,759.5153,-203.23111,540.81464,780.1985,-411.8651,666.60956,775.13916,-304.0094,657.5026,791.0312,-488.89294
SitUp19_frame_0205.jpg,443.83835,712.0576,27.155382,449.43704,697.50977,36.46261,452.3736,694.67377,36.399128,454.61014,692.0863,36.328213,437.3574,702.0614,16.354418,431.69052,702.1371,16.274378,426.3403,701.6802,16.332119,448.7815,681.69434,111.74345,406.86398,693.4653,24.367655,447.59424,715.46704,61.97093,431.46817,720.1788,36.37154,452.4547,716.27026,191.63548,369.06067,740.24146,36.507797,503.38785,780.6012,222.33966,382.74487,851.25256,34.58764,527.5547,796.18097,190.45578,395.52057,742.13556,87.420715,533.76,801.03894,197.27446,393.183,715.968,98.192,532.31604,796.3317,197.3651,388.10602,708.74414,104.480316,524.73535,794.13196,190.64117,389.98672,713.3904,95.865425,432.98126,819.2124,71.34024,381.29993,828.97797,-71.30741,515.3793,783.27765,-223.29579,471.36618,780.48755,-366.1266,571.2868,894.2434,-239.16307,559.1171,912.554,-374.0196,568.73395,912.21564,-243.25183,559.5005,931.9046,-373.69803,603.999,914.75037,-337.623,615.9329,941.26373,-467.61963
SitUp19_frame_0213.jpg,392.982,700.2164,-48.413345,397.1042,685.1962,-39.082413,399.3569,682.57556,-39.14705,401.28238,680.043,-39.172325,387.7695,689.51904,-72.82614,383.41028,689.59924,-72.94982,379.0277,689.2246,-72.96951,393.82983,672.1679,55.092106,359.23108,683.09973,-98.188,393.21313,707.193,-5.890418,382.9981,710.21106,-50.74401,394.07187,685.7362,182.9932,297.04343,742.5886,-118.02988,477.3236,727.5196,172.90166,354.7168,839.5285,-182.04752,418.42368,666.5028,90.83536,350.5174,727.52734,-127.62976,406.1615,644.4034,85.64529,343.81003,700.6617,-127.72718,399.93738,639.8309,114.3586,336.48428,696.00964,-122.22839,404.46716,654.7084,98.70526,338.29764,702.93,-119.55026,414.90167,848.4421,114.38165,367.9461,876.7086,-114.169685,504.67453,748.10596,-106.29671,464.69623,773.41034,-406.57825,581.97235,890.19763,-143.04655,547.67017,929.7828,-413.6916,586.78174,921.1741,-147.9679,547.8368,966.8175,-409.57358,653.531,911.9205,-229.1385,615.9672,954.1904,-478.96558
SitUp19_frame_0311.jpg,483.44785,579.22705,-163.5833,481.0641,566.941,-163.29364,479.77582,565.2387,-163.34648,478.56976,563.4648,-163.4045,481.12872,568.4594,-212.63066,479.86032,567.9282,-212.81224,478.69598,567.40594,-212.8207,459.93112,558.7531,-108.98348,463.3106,565.6617,-333.37906,474.2363,586.5033,-133.14427,473.13287,588.7698,-198.42624,401.0145,589.62537,56.59962,427.89734,626.9031,-376.80878,467.3783,642.8757,270.84198,502.83505,714.866,-279.32324,472.96457,614.8454,318.74225,484.94775,609.709,-6.434548,472.88306,609.5208,339.64532,482.8957,582.4677,-3.358379,469.06412,603.8587,317.7016,469.9585,581.35596,-22.404865,469.4612,605.7187,310.1425,470.9659,590.37836,-5.6950564,406.29385,747.2101,148.34967,419.1074,783.1259,-147.9034,519.56836,657.4686,94.37715,532.7146,674.4424,-263.25598,641.73334,758.0368,140.18651,655.8821,779.59467,-247.19826,651.829,789.1354,141.84518,664.6416,812.446,-244.68582,690.34155,741.0094,91.17206,714.2762,766.9622,-298.99643
SitUp19_frame_0319.jpg,532.68774,603.0148,-154.16434,534.31494,589.231,-154.53427,533.06165,587.8463,-154.5576,531.9214,586.4253,-154.58195,535.0683,590.06946,-202.31049,534.1752,589.1999,-202.43797,533.32947,588.3296,-202.41957,512.8378,578.2789,-96.61515,516.95013,583.6771,-312.54474,520.3869,610.56104,-122.517784,520.55194,611.9996,-185.22803,448.8086,600.9744,72.78089,469.36203,635.5848,-363.16174,503.70114,677.58704,197.4193,520.1274,726.45447,-268.90503,517.7697,632.99493,156.74387,534.0239,628.1475,31.265137,519.01996,623.6522,162.7256,532.7995,602.8295,38.50968,515.4958,617.1518,151.38692,521.73535,599.0472,21.685764,514.6445,620.9856,149.40457,521.3405,608.3948,34.140266,413.67908,760.42725,151.55145,425.17838,788.4734,-151.26326,527.0513,666.37317,112.11751,550.1232,693.7969,-214.85385,648.3621,760.36536,145.27196,665.0245,789.6893,-182.52586,657.09125,794.0021,146.91357,662.9187,809.2133,-177.19504,700.46497,757.48834,98.47637,712.48047,767.1356,-222.20647
SitUp19_frame_1550.jpg,413.9333,617.31213,64.15207,411.0848,603.701,79.90872,410.02505,602.0761,79.88171,409.15,600.3788,79.86353,410.25528,604.13153,33.944912,408.48438,603.0255,33.866188,406.65363,601.76306,33.8678,394.27103,595.49,173.95381,388.70874,596.6282,-37.456223,405.55405,627.6135,103.72729,404.23465,627.1853,42.619617,357.43292,644.4762,298.34195,349.94238,640.7307,-128.61507,449.87347,666.76685,345.797,451.6062,665.37317,-147.62758,395.6746,604.6389,279.6331,393.65485,601.5864,54.846184,390.0341,601.9165,282.49307,376.68253,586.51666,66.55699,381.39862,600.6034,306.00873,365.2486,593.25543,44.61887,385.72577,605.7728,284.20135,368.573,599.7779,53.51558,375.90167,811.974,161.25876,378.28714,825.55615,-161.36107,467.91003,686.7096,196.28223,482.57608,685.55396,-232.93005,539.2362,822.0914,219.07018,569.8887,834.37415,-253.32939,530.8867,855.9858,219.64426,551.92456,866.3803,-251.25789,596.3867,822.0948,203.12689,630.45636,835.98315,-282.04077
SitUp19_frame_1551.jpg,412.5952,616.0493,29.121183,410.19186,601.34906,45.62572,409.2781,599.99036,45.597645,408.5717,598.56305,45.58972,408.9128,601.2859,1.3983719,406.9037,599.97327,1.3349457,404.83075,598.59045,1.3615313,393.69232,594.3446,148.21284,386.2812,594.31586,-55.814354,403.74167,626.6678,71.76917,401.8036,626.12463,12.87668,357.3414,646.83093,268.75488,348.64517,641.6752,-136.8959,450.82736,671.296,259.19727,453.346,666.8741,-157.15364,393.75308,604.62823,126.419235,395.32217,600.68207,44.004875,394.2648,605.1902,116.0305,381.1264,583.93866,53.698997,384.04108,603.5978,142.41803,365.57263,590.6113,29.676489,387.53113,609.3777,130.49739,369.3777,597.92847,41.307236,377.5855,813.2568,156.86612,379.81573,825.9032,-157.00851,465.4378,685.85925,198.39508,483.77902,683.8585,-236.98962,537.58276,822.21216,221.2928,567.597,833.8485,-257.0708,530.77704,850.621,222.48831,556.2991,864.07947,-255.26564,601.74365,824.74365,211.36168,643.63336,845.1984,-285.22067
SitUp19_frame_1661.jpg,400.7651,665.12604,10.061373,397.55008,657.9733,19.0812,396.8619,657.5753,19.012308,396.07043,657.1831,18.953207,396.4223,658.05023,-4.0130877,394.9864,657.64374,-4.0612717,393.4243,657.1917,-4.102975,385.35352,656.88367,63.54995,383.5183,657.25616,-39.82688,397.93918,670.1234,28.314066,396.5531,670.3006,-1.6264671,374.83047,681.06104,127.89576,367.01328,682.4283,-105.48377,428.03598,702.96027,141.38536,431.69138,705.92804,-104.4892,466.30664,718.0703,97.35265,468.6923,727.86804,9.439023,484.2067,726.15686,98.61101,477.33746,730.7837,10.071631,484.09384,724.7595,86.818565,476.03622,728.1489,13.277828,480.36072,725.3931,89.03379,472.3182,728.08813,13.6124525,390.6323,774.6897,76.23834,384.26434,783.14667,-76.21168,452.13324,707.66736,71.444244,442.78598,704.72906,-91.61675,506.44165,775.90546,68.980034,507.07605,781.7737,-26.537369,503.00705,794.33325,66.77589,501.85812,800.31494,-18.182957,541.8705,780.5096,53.021946,546.49054,788.46564,-14.637599
SitUp19_frame_1662.jpg,388.8768,667.28424,45.469364,385.74677,660.04095,53.300472,385.0613,659.55255,53.26441,384.3423,659.058,53.257782,385.00964,660.3491,28.230253,383.8042,660.0363,28.18886,382.52905,659.67065,28.17823,373.53558,658.53326,93.43693,372.08698,659.1226,-20.683329,386.40375,671.9748,61.8483,385.30734,672.52045,28.806091,357.20987,682.1015,150.4987,354.72247,685.0017,-85.94712,388.48996,692.49335,192.64774,415.05896,693.4961,-66.41075,388.26483,684.35455,175.81361,386.96542,674.656,105.31996,391.38953,686.54285,179.43102,386.22983,671.1251,119.43395,385.8795,685.29736,179.25925,381.09256,672.6188,111.215515,384.6512,684.58264,173.09898,381.0483,674.32196,107.61281,388.89026,775.4314,82.182625,384.70087,787.5998,-82.20277,448.04208,702.53394,41.956863,441.16037,705.07196,-88.20961,502.96405,772.152,12.969159,506.68112,780.06586,-65.535194,498.4717,790.58887,7.577448,501.49918,799.4825,-60.467117,536.9133,782.66833,-12.214264,543.77545,789.84,-56.69058
SitUp19_frame_2212.jpg,449.3991,605.8513,-47.9025,452.94403,594.5759,-36.44654,454.0709,594.14557,-36.60051,455.38943,593.60016,-36.652996,447.27045,594.53436,-73.56286,444.19077,593.9898,-73.59098,440.62985,593.30255,-73.62463,442.82178,589.5403,61.464645,419.34644,588.3888,-106.89182,445.35025,615.31134,-4.5404983,437.99133,615.33105,-53.434612,430.0562,613.81836,174.14542,360.20273,640.21313,-133.27338,500.02853,678.8069,118.79929,453.98807,695.6692,-140.50879,469.5697,597.3793,-57.816875,426.34415,599.4229,-28.819742,467.6746,569.2211,-78.15788,422.33524,575.51825,-31.20038,461.4469,567.16656,-50.613747,407.72037,577.149,-46.685173,455.35696,580.9897,-53.78403,412.48877,583.88116,-30.744572,408.12003,765.54626,108.45587,371.18365,789.21704,-108.242775,522.74994,700.1587,-115.196465,483.22833,716.70197,-351.4862,614.1167,818.18365,-222.66507,578.1718,857.1832,-411.02667,616.25745,862.7792,-233.30145,578.0209,889.4123,-413.3068,668.1019,839.78674,-322.1267,659.28705,884.89014,-499.70877
SitUp19_frame_2213.jpg,449.0952,604.23267,-107.87961,453.31525,593.14325,-98.657,454.97028,592.26263,-98.813446,456.88614,591.1764,-98.87608,445.81335,594.4911,-136.34381,442.06943,594.396,-136.3936,438.016,594.00574,-136.41623,446.6808,587.25604,-6.52628,416.35275,589.8899,-176.2661,445.42175,614.51184,-65.760864,436.15512,616.38873,-115.14126,427.95227,607.68524,116.73833,359.77612,643.49054,-192.02951,495.9279,676.93695,88.55464,457.5906,699.62634,-162.4666,471.55008,594.7915,-71.42737,430.34274,605.55084,-15.460706,470.13126,559.3186,-89.57296,425.6112,580.3418,-16.637482,461.7974,559.3634,-69.76319,409.6697,578.17664,-34.927673,457.5467,571.50574,-69.958855,412.6211,585.653,-17.292656,408.74557,756.12537,104.43357,373.73633,785.64795,-104.13833,523.46,697.64233,-111.21788,483.54675,713.4724,-346.08267,617.2888,808.078,-184.38762,581.34766,854.80316,-370.67267,628.08795,846.30994,-191.91867,579.8185,887.4933,-370.52182,681.25305,821.11865,-282.21292,641.06415,882.63947,-463.36157
SitUp19_frame_2883.jpg,420.80942,594.4305,-35.559654,428.46185,580.1315,-15.886459,431.06003,579.6408,-16.017342,433.5201,579.10156,-16.047012,417.32477,580.8386,-47.875263,411.52563,580.40533,-47.919075,405.56253,579.66095,-47.884068,426.2449,577.02094,112.230225,384.21753,575.6463,-32.556236,418.06573,605.1352,16.856503,407.9031,604.7535,-25.377518,419.38712,611.27856,226.44255,335.2428,632.34216,-58.35228,471.5252,681.14734,141.72836,409.94174,706.37634,-172.17699,447.96298,588.4054,-40.32494,383.75964,609.2903,-211.45804,444.51648,567.18634,-60.385136,367.82455,589.2115,-229.95372,440.31754,563.6317,-39.369236,364.32184,585.8567,-234.42601,439.44183,572.1904,-37.587105,369.75354,591.8518,-211.97601,406.69095,769.89465,113.536354,361.3471,788.2264,-113.38517,508.21445,688.94196,-97.394005,469.98697,711.30505,-340.15735,589.8987,819.22046,-247.70633,564.91895,850.614,-432.861,584.20355,849.4054,-265.33575,562.6007,884.47815,-441.2448,663.90515,820.0693,-355.10822,636.5055,863.18494,-532.815
SitUp19_frame_2884.jpg,425.8982,596.6458,54.584698,433.9352,583.19464,73.17028,436.44446,582.78186,73.03437,438.92285,582.2669,72.983734,423.3103,582.88965,41.88531,417.77206,581.86084,41.857983,411.43585,580.4778,41.909687,431.15274,578.452,189.66144,387.54956,574.6277,48.787975,421.84183,606.9131,102.182655,412.15814,606.763,61.15334,420.1728,610.7615,291.68884,343.34897,631.45074,7.5533214,470.01825,682.6555,224.55182,416.0085,708.2012,-77.70996,450.31793,589.99713,82.974335,389.47128,609.3786,-65.986336,450.38126,568.5112,67.17191,374.52457,586.50543,-75.47413,444.11542,565.1511,88.8126,369.9128,582.96936,-84.8273,442.5747,573.4152,86.16616,374.0337,589.1072,-67.6852,404.54492,768.0695,113.071655,364.3564,786.2295,-113.04102,510.68637,693.2013,-87.87241,473.50507,713.9026,-298.0732,594.4838,825.3934,-278.21616,569.1824,853.9344,-438.2472,590.4683,868.78467,-299.32077,561.4304,882.7041,-449.77475,654.9743,838.4028,-382.6127,647.12195,869.6683,-522.32416
