SitUp01_frame_0188.jpg,371.73132,351.98553,-45.004547,345.75455,353.71457,-18.051378,345.86826,356.2734,-18.361742,346.04782,358.81967,-18.482357,342.0125,357.26852,-84.35753,338.86554,362.26706,-84.43844,335.75122,367.1357,-84.594765,335.19016,374.87097,130.27458,332.7678,406.97278,-184.86403,391.02505,371.4762,12.593391,389.68414,377.67752,-77.943794,433.353,460.9438,217.57722,434.07208,491.8289,-247.99211,330.7536,329.02835,282.79523,370.03128,356.77612,-237.51404,216.23642,490.3115,226.96594,402.1405,483.6036,149.90245,265.83533,522.54193,200.79858,394.28177,513.3247,179.35846,205.28496,515.97516,236.07068,402.55804,538.3641,124.40108,230.41763,507.85715,233.69432,413.4701,531.93835,142.25635,841.46155,457.47354,200.2938,862.59033,488.34564,-200.8292,707.30237,178.62248,272.0804,742.7661,192.61664,-199.01016,852.9778,359.74213,203.9448,853.1355,342.63452,162.73972,854.2516,406.4502,201.98877,855.5899,386.06805,217.11166,923.9175,380.9129,294.51923,897.85065,332.82565,404.12024
SitUp01_frame_0371.jpg,888.7402,357.51306,-114.49978,910.3496,345.76508,-165.25607,911.6165,346.09164,-165.28511,913.786,347.90118,-165.55612,911.4398,344.35855,-118.635796,913.65326,343.93246,-118.507576,915.73486,342.93137,-118.65116,920.3667,367.4501,-272.2947,926.9278,357.38556,-58.85458,875.17,381.35318,-142.80974,875.32214,379.8147,-81.326836,842.3828,463.78394,-372.59357,889.01337,444.11282,89.87384,650.9362,350.4746,-287.36722,751.6394,346.19592,102.011505,783.04785,282.78894,13.658506,870.01245,314.728,89.40179,820.7443,264.91415,22.409246,914.027,314.34735,75.41345,845.75183,291.07544,8.939751,919.21436,313.97473,101.555595,831.7156,299.24066,18.599415,900.7809,319.2751,95.93613,514.4273,547.1717,-177.35297,550.3811,497.7527,177.32924,319.6561,334.8691,-185.70055,448.48682,308.86493,241.14377,169.0292,517.001,-55.817036,250.12537,431.38,379.11224,165.92236,572.4285,-34.044598,232.99818,483.34448,392.03305,45.238876,492.88947,17.820723,140.86945,386.83197,435.56494
SitUp01_frame_0543.jpg,907.5392,356.3217,-208.15889,929.8777,339.89194,-257.68216,931.7514,340.06528,-257.65805,936.7383,339.03784,-257.9226,931.3899,338.1464,-207.87112,937.6504,337.16174,-207.76547,941.0487,336.45792,-207.82774,948.22546,358.87375,-364.26318,954.78143,356.6182,-136.32559,904.323,378.232,-236.82056,904.8145,380.01785,-171.34134,900.8345,462.36057,-449.3542,938.7269,456.56525,23.054007,738.53845,360.72095,-367.96906,804.8369,366.7499,-24.83677,861.78046,306.26685,-53.01926,921.6588,348.64716,-152.53836,894.24927,288.31973,-47.68525,963.9267,349.4202,-178.54614,914.843,312.47302,-53.42747,970.869,347.2345,-149.44398,902.85205,322.292,-44.390373,952.81036,352.0612,-147.28705,597.4963,553.4788,-192.97424,635.0141,500.75906,192.85948,368.78464,349.07846,-192.3326,508.5321,339.45502,258.16943,216.78143,535.01794,-52.650345,349.3596,485.2569,453.77994,214.48468,584.47894,-30.113792,341.43997,532.2366,474.48505,114.973755,505.5359,21.830778,253.95126,472.05048,532.631
SitUp01_frame_0744.jpg,1069.7637,364.87234,-285.86688,1086.6567,349.175,-336.145,1087.8224,349.45316,-336.10962,1088.543,349.22504,-336.4112,1089.3947,350.06174,-289.03372,1092.5756,350.6935,-288.88568,1095.1321,350.69028,-289.04947,1107.7493,371.59787,-431.1121,1118.3638,371.50974,-219.45677,1066.715,393.15567,-308.502,1074.3416,393.26642,-247.37393,1035.5627,460.7763,-501.57028,1088.1227,461.5656,-32.814972,813.2022,370.32123,-427.00476,938.6624,385.31113,-93.31683,931.85596,318.727,-109.710236,1044.7858,355.49524,-249.56131,960.8259,299.65057,-94.50163,1083.9033,348.21835,-258.24286,986.9872,326.133,-86.12507,1087.3962,341.69388,-235.54791,974.2394,336.02115,-92.85614,1070.3865,350.87048,-245.88747,717.43567,538.23975,-169.4441,752.58734,527.12103,169.29832,443.08282,386.55637,-312.073,546.2899,360.13797,156.12744,311.00824,534.34607,-128.4484,398.93274,499.68915,415.4446,318.69778,581.81854,-99.55544,395.13574,539.99164,442.74533,200.48569,543.43005,-50.413097,308.47064,500.4484,494.51886
SitUp01_frame_0937.jpg,1121.386,374.0902,-184.38104,1141.3112,367.7861,-231.87811,1143.7648,369.7829,-231.80177,1146.1082,371.82626,-232.00528,1140.7943,368.33014,-193.65195,1142.0784,369.97388,-193.42354,1143.5021,371.76138,-193.60435,1151.0282,392.18585,-317.99863,1148.7238,394.4317,-148.85371,1113.8463,395.7246,-204.68921,1110.873,393.97128,-155.14763,1074.3684,440.87415,-386.98975,1102.4641,485.44006,20.503405,902.5532,359.6329,-322.3526,983.6435,406.7258,8.230331,1052.3777,329.5616,-78.888016,1091.4309,363.37463,-71.071815,1090.5579,307.87766,-66.7605,1128.068,355.30994,-74.34679,1114.0645,349.16202,-68.36035,1125.8164,348.58228,-57.68374,1094.3975,354.28488,-69.32791,1112.6769,357.16522,-68.4575,755.96204,546.82025,-149.16162,780.4343,564.01447,148.84145,459.0817,390.92896,-226.99426,593.27454,388.99924,173.48708,324.56458,537.9974,-221.79752,391.80585,517.41125,251.29156,318.1418,576.0128,-214.96283,377.61905,560.26074,252.81975,228.07172,499.69452,-224.68124,293.27563,503.85086,251.47159
SitUp01_frame_1130.jpg,1123.8612,364.9989,-170.06667,1145.2292,360.2246,-226.30296,1147.4099,363.42618,-226.21843,1149.5104,366.69952,-226.41098,1146.226,359.15268,-179.34024,1148.2396,360.82672,-179.14162,1150.3649,362.65195,-179.3393,1152.3861,384.96884,-347.15894,1161.6449,394.50418,-140.44849,1119.3372,381.51535,-200.57172,1124.629,386.40344,-140.4816,1069.9131,458.85928,-429.702,1118.697,490.5352,28.944275,875.0707,360.17465,-351.43887,1014.08276,414.12466,113.04955,1042.737,339.26492,-37.27695,1090.7506,379.36813,179.47046,1093.5386,329.2656,-14.159685,1117.3706,372.3664,194.67874,1113.2319,364.94522,-18.380148,1116.7974,373.7401,207.57414,1090.5627,369.37494,-26.719364,1104.6138,378.64706,182.95758,745.6107,548.6416,-167.07002,767.9618,546.98206,166.83372,512.12854,437.65573,-199.46016,535.0631,395.57745,157.95668,271.46338,542.82623,-91.12569,292.77118,514.6664,264.86942,263.88428,586.303,-73.95202,281.8088,560.5023,270.9474,210.53937,474.59915,-63.336723,203.64929,456.41763,268.3547
SitUp02_frame_0165.jpg,369.9328,762.6424,1290.8456,362.05545,769.97363,1359.8652,364.67584,774.46466,1360.0905,367.6357,779.0669,1359.7284,347.3395,766.6903,1321.1796,358.15723,777.37714,1321.5692,352.78958,780.8823,1321.4995,398.20773,779.35986,1484.1212,352.7456,804.6203,1300.0607,372.27335,782.7262,1318.6532,377.426,786.34247,1263.2418,476.99963,838.1323,1277.4015,330.61234,857.0641,1026.3105,542.049,789.9944,1620.2173,74.58,852.4427,911.3153,561.10333,788.2622,2097.2024,-88.76541,882.8131,1109.039,577.4022,797.6177,2178.543,-137.11362,897.3427,1118.3964,561.88794,797.8629,2193.7188,-123.59888,891.7095,1130.7849,556.8717,796.0218,2113.0457,-103.66173,876.42017,1112.7267,658.7079,866.33185,59.17844,632.5545,885.4539,-59.870636,848.8541,948.43884,-238.79948,919.8052,1090.6608,-446.6071,867.77423,889.25366,-39.181717,900.4443,827.1694,-344.7005,871.931,885.47925,-11.137916,894.35333,792.36993,-317.686,876.30975,865.0552,-6.63952,917.40436,709.8197,-324.81024
SitUp02_frame_0169.jpg,356.79367,763.23596,1059.7123,353.2205,767.24976,1137.9922,357.97202,770.15393,1138.1073,363.12982,773.4549,1137.5867,337.1388,766.51385,1077.6182,332.9942,769.44006,1077.7327,327.04892,775.7451,1077.3368,364.92374,793.78235,1325.9209,317.35788,812.42413,1052.462,371.81653,779.8421,1113.3096,356.77698,781.5654,1031.8818,479.2426,849.2236,1279.0017,249.68513,935.6496,737.6803,593.21893,785.7764,1578.6766,59.461727,851.9452,618.1425,605.6829,790.16455,1876.1312,-119.935745,835.12885,943.57544,615.06604,799.4427,1913.0676,-157.52832,840.51483,946.75305,595.07544,805.7351,1930.6473,-156.92351,852.99493,958.8399,592.7354,809.6728,1879.5443,-135.26001,852.135,950.60565,680.7456,883.66516,184.58809,579.43585,903.85297,-185.47871,965.53674,831.1971,-294.62018,788.1532,907.55054,-612.542,1015.7356,1065.9448,-293.39996,954.7834,1029.759,-738.55853,992.43805,1099.8627,-290.09247,954.62885,1042.7694,-744.87036,1070.6865,1109.3081,-364.41437,1062.1388,1040.3795,-889.478
SitUp02_frame_0480.jpg,1070.4961,848.4655,-1155.5193,1055.7974,864.3621,-1179.7864,1051.6478,860.243,-1179.8916,1047.5958,856.346,-1180.2017,1064.6006,875.9024,-1184.9038,1066.3154,878.62555,-1185.033,1068.0206,881.25586,-1185.1339,1024.4011,840.56006,-1039.6578,1057.0342,881.74756,-1058.5884,1055.1243,825.20044,-1075.9183,1067.9541,836.9177,-1081.59,963.2585,767.1581,-775.4488,1045.564,860.9154,-737.8793,1012.8369,896.2765,-665.23816,1179.7756,1014.99084,-679.5203,1015.2093,1025.8875,-726.05554,1280.5936,1149.5216,-761.0253,1012.7393,1037.0892,-757.8299,1310.6669,1196.5084,-804.8367,1025.7472,1054.7877,-804.34546,1304.2799,1163.6326,-804.1594,1028.3308,1056.0417,-740.85144,1286.8463,1147.5764,-759.9651,761.6597,924.25,-66.64557,813.0772,956.1483,66.08219,697.51953,744.0256,152.8989,742.3102,926.74774,446.8582,702.48303,781.1109,368.23795,714.4406,873.653,723.4079,710.51794,788.21796,404.5014,722.2191,859.37256,764.56885,699.033,770.70374,514.2196,684.49976,862.9961,923.0156
SitUp03_frame_0131.jpg,373.045,628.10974,-181.34525,331.89212,641.0218,-157.63521,330.63892,643.2234,-157.92677,328.88214,645.87067,-158.3371,323.9716,650.38995,-240.7012,317.48624,659.5833,-240.52142,310.4825,670.0079,-240.23752,333.75006,687.58234,69.967995,307.34344,726.6291,-314.9336,400.175,644.0239,-94.74924,392.66718,654.92645,-205.98221,547.5739,709.8808,303.27795,462.98846,828.04517,-345.42682,484.29553,525.6753,732.8936,247.93047,628.0449,-430.10577,384.89966,685.4795,1088.3745,211.43915,778.3175,317.74957,357.33514,730.06134,1082.5917,188.54822,819.15515,336.68893,369.04147,743.176,1158.0537,238.84673,822.33453,340.489,370.95685,737.7678,1103.9117,255.8519,811.4867,317.3457,1171.0056,725.1258,250.08862,1159.4679,807.4966,-249.03342,1541.3425,445.22678,155.0675,1566.0638,471.43137,-300.9097,1833.7635,744.08655,192.92996,1873.9728,799.16907,-231.13095,1820.6227,824.98285,195.48027,1862.4856,878.74084,-214.09581,2032.2054,770.90234,149.74342,2122.6794,813.37555,-263.49985
SitUp03_frame_0132.jpg,334.77878,646.00134,-202.16676,282.6357,666.777,-179.52344,283.1091,667.218,-179.90955,282.81213,668.1042,-180.35266,271.25043,680.1011,-257.8153,264.9242,690.0066,-257.68872,258.16525,701.0484,-257.27997,299.74353,699.1455,55.61959,270.09418,747.3584,-307.11798,371.67413,656.62067,-112.68157,362.03104,669.82697,-216.79941,535.9086,716.69244,313.22842,449.91107,830.6224,-346.70016,486.12088,521.6022,753.303,242.70343,627.2257,-448.09525,370.18042,694.69806,1139.0842,192.18378,788.19403,297.43353,343.2804,737.2639,1134.9547,175.9088,828.2551,311.657,349.7006,747.99506,1212.2645,220.22702,826.1455,317.12582,360.4422,742.5856,1156.6256,238.09308,816.1035,295.26743,1163.79,732.45056,248.17062,1148.7864,804.05725,-247.22821,1550.5525,445.04166,153.26215,1568.5042,468.46204,-293.40488,1835.381,747.3266,203.60016,1864.5854,793.1867,-212.98196,1826.6062,822.93536,206.79065,1851.208,865.5952,-195.0075,2047.7996,782.7083,152.73775,2135.9653,819.82837,-252.03484
SitUp03_frame_0133.jpg,364.87473,633.15625,-166.28777,323.14792,646.5288,-141.54956,322.6344,648.41785,-141.9021,321.9665,650.60046,-142.30748,315.6491,656.10834,-226.48155,310.40463,664.8584,-226.33833,305.06128,674.4217,-225.97171,332.09186,695.9821,88.98895,308.69803,728.79584,-306.04004,395.7352,650.07544,-79.03048,388.468,660.6956,-192.57042,548.6791,714.7886,319.0261,462.10635,827.76337,-350.35367,486.31433,536.6071,762.8879,247.0356,644.1353,-464.0675,372.4118,699.4808,1113.3721,212.83218,780.65594,283.16104,320.02875,773.71515,1099.6831,188.95644,824.88416,297.9165,358.65262,759.2913,1172.8876,233.92587,825.87286,299.9916,359.12927,745.3333,1127.0242,252.39389,813.7548,280.54517,1170.1589,728.66174,249.2342,1154.8588,805.0825,-248.16035,1550.2666,449.78122,148.38911,1563.194,467.32962,-303.10995,1847.0188,757.7589,188.47093,1878.0364,802.82196,-226.59785,1835.574,832.11365,190.31877,1866.3439,880.24744,-208.68996,2052.0466,790.72644,140.66272,2136.9878,833.7309,-264.64786
SitUp03_frame_0278.jpg,165.15656,615.751,-193.02751,132.70712,602.39655,-150.77924,134.29779,600.6087,-150.98273,135.27718,599.7643,-151.3212,118.661156,622.293,-232.8284,109.33491,635.1362,-232.78947,98.15563,649.98627,-232.25603,133.8105,642.2968,164.23785,88.66676,709.16284,-230.18634,201.10571,642.6696,-74.95686,183.36943,667.60114,-188.43178,333.66486,688.597,441.17047,232.86592,853.671,-236.57893,366.91602,459.7223,811.2686,26.404953,698.71295,-325.09006,197.3157,607.6417,1010.56055,-24.39022,696.2931,426.6863,160.11629,638.44824,976.43945,-63.84035,730.3424,446.6162,155.96666,658.9515,1072.909,-3.1063843,749.64294,437.90106,165.94678,655.1145,1037.3339,18.785992,740.5063,423.1251,920.28015,738.4467,266.16763,893.0379,835.3195,-265.3401,1335.4586,482.0667,147.36847,1345.5107,536.4995,-326.87888,1674.0363,782.8746,160.2416,1726.9642,852.1165,-318.45517,1672.0507,861.5906,161.11465,1728.591,941.119,-308.4495,1870.4036,783.8833,74.75864,1942.5293,843.1434,-402.53766
SitUp03_frame_0279.jpg,143.86757,619.21204,-194.84082,113.48425,610.7508,-152.82127,114.87007,609.64233,-153.0159,115.68404,609.4569,-153.29582,101.34075,628.7141,-237.1914,93.61027,640.65704,-237.22743,84.52635,653.6071,-236.72186,115.38597,651.2016,154.77997,81.310844,710.0009,-249.57187,179.1636,644.7169,-80.145874,164.8031,667.13855,-196.57034,328.37723,682.94305,428.24045,229.80766,855.5467,-262.26273,349.03656,472.09756,845.5012,13.68227,710.17084,-347.5844,187.71057,616.8602,1093.8323,-53.49312,719.61566,421.33093,148.56285,649.4192,1066.1144,-87.0599,732.6565,439.3682,146.06581,668.8794,1147.1056,-31.047249,754.5578,438.33447,153.3743,664.1762,1113.5277,-9.537621,747.76965,420.2986,918.81696,737.99603,259.54837,895.9722,833.63885,-258.87128,1337.8512,494.79575,159.8192,1345.7195,528.3385,-320.22946,1656.3264,785.748,175.17175,1703.1042,842.5942,-277.2087,1665.8789,867.29224,174.4726,1709.6245,930.27155,-264.974,1863.1672,774.657,74.864586,1933.228,820.1705,-365.139
SitUp03_frame_0280.jpg,144.03958,619.9734,-66.16237,116.849045,614.9173,-25.429197,118.80644,614.0529,-25.46706,120.48357,614.0196,-25.739817,105.58244,631.1627,-113.39639,99.30971,642.25024,-113.3095,91.56292,654.9174,-112.87878,124.21629,654.4905,265.98026,90.73752,707.83875,-149.91321,179.66338,643.7099,42.894768,164.52563,666.1953,-77.999954,334.10083,685.7037,533.6216,225.82106,850.15045,-192.69566,338.2633,479.04224,952.1209,5.574589,716.4038,-256.42468,177.9693,620.60913,1180.0425,-101.67629,681.8246,536.8337,144.9099,652.767,1155.0525,-140.04404,692.5844,559.027,141.1548,672.3609,1234.8529,-79.28387,714.0013,568.37506,152.47702,667.2996,1197.2361,-56.26974,708.75104,541.6465,915.44904,740.0949,279.50092,880.3634,832.81604,-278.90945,1337.281,482.94507,156.27628,1340.9569,537.2077,-363.68842,1684.2736,783.0532,138.83327,1736.9456,853.48676,-379.18787,1666.5975,869.9589,135.98315,1727.7319,939.1919,-372.42508,1899.5764,790.3573,45.4691,1972.3668,833.90295,-481.3666
SitUp03_frame_0427.jpg,252.33885,643.34357,-186.31784,208.61452,648.12146,-156.49028,209.45663,648.4976,-156.83987,209.94438,649.41284,-157.12721,197.18788,662.80426,-245.07303,188.71353,675.1715,-245.12775,178.34077,690.7033,-244.63666,220.47209,696.3805,112.87859,174.70831,756.16235,-304.9055,292.26538,666.7821,-83.05985,283.99515,686.1342,-202.51108,442.64294,717.3489,386.08615,334.48352,879.0018,-341.20276,421.22107,541.2752,894.56836,101.37291,684.3782,-402.4857,264.3478,702.2154,1328.539,99.55147,790.5975,415.15692,240.28731,742.1149,1325.93,113.141846,819.6101,446.92078,239.13477,768.898,1403.9518,140.07516,833.2052,441.8576,246.8244,753.60126,1346.8071,140.44876,823.41815,411.58157,1093.95,772.29144,269.786,1062.7653,880.2628,-268.9425,1522.2429,522.65015,140.50082,1548.7225,599.93854,-318.2063,1817.6045,826.4941,194.319,1965.2427,911.79346,-290.89636,1819.7122,924.61304,198.58691,1982.0183,1004.0961,-279.45587,2060.9307,826.3367,118.93404,2143.272,834.5119,-428.8314
SitUp03_frame_0435.jpg,215.23505,700.2397,-190.69595,172.15965,710.02576,-158.38126,173.23419,710.54694,-158.87634,174.12901,711.9376,-159.20895,162.70494,727.3539,-241.4587,157.09488,740.6565,-241.5253,150.87381,755.73535,-240.91785,196.9467,761.6776,124.06002,165.4303,817.70825,-268.60794,259.7394,714.42786,-84.685,254.48885,732.64087,-196.05316,446.90524,734.32965,403.92035,341.39258,896.45636,-329.14484,405.5702,565.52,872.4414,75.65895,740.0639,-419.65506,289.05814,740.84924,1260.7493,116.47041,815.8192,391.90332,245.91219,784.4939,1242.8931,120.4969,852.16675,419.2237,257.28946,796.07837,1319.5284,145.8712,855.8963,422.26437,263.9776,786.32794,1276.1973,152.91727,842.8186,390.17288,1101.1064,787.44836,268.00363,1062.6146,876.1457,-267.1195,1540.7135,541.03064,124.96719,1562.2441,589.8339,-315.8483,1859.938,852.515,167.77168,1903.6884,904.5433,-272.38367,1866.7881,949.9058,169.03395,1909.2958,1002.9696,-259.70935,2093.6497,864.0829,83.821785,2195.3792,895.7902,-394.9901
SitUp03_frame_0443.jpg,308.97824,638.20746,-204.52672,274.72253,635.15424,-166.8043,276.15012,635.83777,-166.99739,277.28903,637.20593,-167.46808,260.87427,648.41956,-248.32057,251.60722,659.49615,-248.233,241.67862,671.9571,-247.8733,281.87268,685.0771,114.28224,234.80003,732.62384,-271.3661,344.89496,668.28296,-100.88012,331.3836,683.97064,-212.97278,494.1402,719.19635,358.67972,387.2212,892.53674,-281.0283,524.31934,514.45233,751.1085,205.82588,698.3549,-430.886,341.71442,675.8848,1049.7377,146.46738,790.45245,183.29182,311.28857,710.02106,1025.7268,129.50082,824.5893,170.33557,313.40424,733.0913,1102.743,158.6412,844.66327,176.04321,322.92783,727.9739,1067.5201,173.02505,829.7898,178.80656,1119.5394,776.03406,265.7322,1081.4423,884.47723,-264.77,1563.617,526.7557,166.75238,1571.2115,591.60956,-329.39624,1857.5469,837.0591,194.70091,1885.0422,881.2884,-290.32455,1856.3496,932.25366,195.8091,1877.0992,966.6446,-277.5556,2076.1543,841.3778,113.167534,2157.5295,873.5531,-372.3841
SitUp04_frame_0124.jpg,322.98706,525.0979,63.926247,307.64246,525.12775,79.08505,307.0464,526.27057,79.01048,306.3521,527.7636,78.88596,305.54245,528.3841,28.218979,303.41174,531.7654,28.285023,300.8972,535.7458,28.247158,300.3266,551.1652,164.51965,294.48535,560.3847,-67.04107,336.73276,538.93945,101.17769,335.15137,542.13385,33.711243,387.8745,574.2806,289.01532,340.16693,615.5317,-183.02267,441.74927,497.7539,376.23917,413.7293,520.20575,-257.55695,417.1375,415.8357,284.73502,410.04758,406.10876,-182.34778,415.1565,381.2012,274.52875,414.63336,381.72586,-206.43097,405.5166,377.6954,251.49045,400.19128,380.5029,-186.68463,406.68665,389.0378,268.26694,400.00488,389.75253,-170.47137,586.3276,586.2208,153.44215,574.618,620.1115,-153.32063,741.73364,525.3414,119.42417,734.4983,534.94714,-186.81792,874.48456,606.03735,252.48048,868.42444,637.30615,-70.842155,871.4539,633.8761,261.9007,865.998,669.46893,-56.90556,946.1671,611.0941,218.40273,959.2426,639.12744,-96.88617
SitUp04_frame_0132.jpg,299.66403,546.4385,65.13327,284.10535,549.5291,79.56788,283.39786,550.5389,79.50477,282.6578,551.6427,79.393906,283.32272,552.85034,26.437624,282.0804,556.3472,26.481363,280.73148,560.7007,26.429707,281.35187,576.3535,164.96628,278.49847,587.01184,-73.71863,314.39874,555.5887,102.577835,313.08612,559.50336,32.71164,370.90134,587.41376,289.39487,331.528,624.1133,-184.54562,373.57507,493.28275,382.31992,353.01025,498.63666,-227.77591,276.90787,457.2791,321.7537,272.06955,457.60135,-63.75705,254.72125,456.38782,314.72888,250.85487,448.69867,-73.46745,250.44507,461.7255,315.41568,246.79074,461.28445,-65.8606,256.76984,462.48776,315.66364,254.84947,465.45245,-54.638233,588.72314,590.4944,151.44548,580.0784,617.85016,-151.45923,740.19525,523.7393,136.69208,731.43823,533.8431,-173.5373,871.2821,611.29346,206.05576,868.73474,639.9801,-99.02597,870.46387,638.92285,209.62625,866.9494,663.06256,-89.93021,946.63464,617.17145,166.0364,958.5492,641.1631,-124.03809
SitUp04_frame_0140.jpg,301.33273,546.1807,14.758371,285.19412,548.25323,28.460987,284.56674,549.5443,28.383831,283.80283,550.94635,28.309814,284.05023,551.13043,-27.275572,282.6607,554.5198,-27.233368,281.10602,558.14935,-27.299194,284.41418,573.4646,117.53549,278.81558,582.45636,-137.56223,312.2749,556.4376,53.176075,310.56638,560.576,-21.320904,360.78516,587.394,224.39668,329.54178,627.59406,-213.96054,301.4706,511.62833,395.37085,271.72064,513.3658,-283.69666,219.14627,550.269,425.70187,190.22682,560.81683,-67.28773,189.28464,562.4499,420.94244,163.8417,567.99567,-69.17573,196.07254,572.6396,438.75055,178.3355,582.0038,-81.6633,181.98788,574.7694,425.51965,192.38914,581.70386,-67.650444,585.3236,589.1211,150.78627,577.86615,615.8378,-150.82048,751.4226,521.1202,115.61616,742.3477,535.106,-172.00906,870.5356,609.1673,184.12146,873.74414,639.4226,-89.20061,868.25916,641.4949,188.15027,871.49725,665.127,-79.790016,944.9121,619.40216,148.97876,964.15497,643.60895,-129.99074
SitUp04_frame_0299.jpg,288.85703,556.2229,63.24755,274.9035,559.8257,77.71601,274.46695,560.7883,77.67893,273.83765,561.85376,77.585815,273.61383,562.84033,25.171263,272.32196,566.43945,25.257006,270.87552,570.17834,25.19526,275.44052,584.3083,167.25803,271.32108,594.75244,-69.93728,304.12854,562.9415,102.372055,302.44193,566.9516,32.805893,363.82178,584.68915,298.1567,321.6812,625.6626,-189.46129,346.97433,488.92453,392.77454,304.6619,510.6995,-289.228,260.3986,444.16797,288.7805,239.57074,455.04578,-216.38466,239.71072,436.7503,275.5207,218.84232,438.24854,-244.47685,234.25415,439.6046,263.2821,216.40186,446.04242,-230.67801,240.7008,441.34277,276.03726,223.55507,449.57504,-207.35376,584.5196,592.9217,153.2395,574.1672,618.0384,-153.36824,744.6455,522.86316,140.35089,736.0001,534.7231,-180.33704,877.8525,618.7602,214.41301,880.01697,641.62524,-102.977234,878.1619,646.58594,217.72719,878.99243,665.9297,-94.724945,953.30414,618.8024,162.15396,964.1876,639.5423,-145.52036
SitUp04_frame_0307.jpg,286.8128,551.62537,13.216968,272.33868,552.2144,26.05952,271.97382,553.27545,25.976686,271.41913,554.5009,25.925488,270.92313,555.2977,-26.49929,269.7811,558.52795,-26.460619,268.41043,562.0186,-26.516464,272.2741,578.94977,112.84996,266.80447,587.0666,-128.93582,298.05865,561.16364,50.418213,296.17795,565.9638,-20.04428,346.84808,585.8443,210.88432,319.28552,624.7489,-195.4418,298.61685,516.8623,355.16754,244.47403,528.5229,-267.69092,200.20053,551.9901,348.57416,169.7792,562.7897,-48.587223,167.77722,563.0818,333.31662,145.99052,569.4676,-53.344273,175.29778,573.64514,352.1884,158.4808,581.8137,-64.09389,194.7768,574.33765,346.98605,172.54025,581.6371,-49.38255,575.6768,588.20123,142.96207,567.3682,618.81525,-142.97768,758.5054,535.76556,115.73309,754.7519,539.73883,-154.8452,874.99915,619.02423,168.27036,873.8025,637.7988,-79.009254,875.03564,648.3597,170.00278,872.7611,666.6071,-71.45538,957.61017,622.38916,120.267426,968.23584,639.3993,-128.49127
SitUp04_frame_0315.jpg,280.73328,547.0195,55.73707,266.79974,550.7732,67.29858,266.3867,551.9435,67.232376,265.8161,553.1069,67.16959,265.1931,553.209,15.486025,263.6916,556.10297,15.546435,261.96667,559.28906,15.480414,267.66187,573.52936,145.59389,261.7328,582.495,-90.3032,295.9778,555.18616,90.89754,294.378,558.07935,21.671661,354.85565,585.10443,256.35095,315.6233,618.4804,-174.48015,329.47137,493.48682,372.66888,281.8153,497.3194,-212.18472,226.60042,493.92447,335.63492,190.8588,506.48132,-10.371792,196.70876,497.27954,324.91245,153.85632,508.4685,-12.865806,192.32928,504.1762,339.45633,156.72081,517.7444,-22.720024,200.83633,504.3443,334.2301,174.97643,519.0459,-8.691995,569.8669,589.4585,141.3089,558.3642,615.80084,-141.46144,736.9848,538.81213,134.3127,725.26843,542.193,-149.775,872.3434,619.9418,167.93497,875.5026,639.8238,-93.40554,878.3717,649.16644,168.39749,880.3694,666.14453,-87.20494,940.5458,607.2276,123.82779,952.59,616.4115,-137.11995
SitUp06_frame_0001.jpg,145.05049,355.38022,-55.893772,129.99373,366.9174,-42.699566,130.07681,367.91528,-42.858154,130.23685,369.07248,-42.95138,130.3656,370.00894,-78.56129,130.78458,373.2941,-78.579056,131.41165,377.16263,-78.63354,139.5233,385.81824,33.340107,142.74236,399.25946,-125.78144,163.04984,357.98288,-23.733143,163.7065,362.56686,-69.79585,242.95407,385.78207,146.70026,237.54825,422.27206,-228.60687,377.51056,392.9563,190.26923,380.40906,451.12366,-276.67813,498.10205,388.6877,188.65704,516.0751,454.8554,-278.12286,522.0949,385.98392,190.26663,554.0323,462.59457,-311.46088,523.1722,386.0955,159.0144,556.4475,450.7867,-307.5511,513.91345,389.16943,173.6415,542.4416,445.4632,-275.33405,492.09387,370.04004,107.34888,496.9215,390.98935,-107.08959,635.3826,254.56403,81.10025,650.769,256.64606,-155.7444,723.3788,377.11014,232.25717,747.22644,412.098,-22.034773,716.6345,412.26926,242.43396,731.76306,440.70148,-9.146172,809.8731,405.97372,218.16304,844.4544,438.01492,-38.803223
SitUp06_frame_0002.jpg,145.89354,353.4206,-49.50103,130.20303,365.4779,-36.723995,130.31604,366.61752,-36.885914,130.48517,367.9572,-36.976696,130.51918,367.99863,-71.71718,130.82831,371.02374,-71.72507,131.2415,374.47348,-71.78734,140.5649,385.87253,36.13498,141.86766,395.72583,-119.27489,163.34927,357.00665,-18.72476,164.07048,360.747,-63.71302,243.93811,385.4777,144.61424,236.82613,421.30307,-222.52763,379.19327,395.48285,182.88892,379.11237,451.59918,-274.65515,495.8927,389.66037,176.74352,517.1261,453.35663,-279.7491,519.19556,386.90823,177.14787,553.0349,460.57617,-313.6219,520.153,386.8519,145.4555,555.4686,449.29712,-308.80957,510.7862,389.89984,161.56099,541.9595,443.8609,-276.70535,492.5168,367.59164,106.09412,498.8082,392.06024,-105.80231,633.93286,252.55005,77.748314,651.26776,254.33336,-164.11266,720.2351,377.2346,228.8203,745.4697,412.9734,-30.241749,714.4006,412.05023,238.94856,731.32764,441.15848,-17.199556,811.2798,410.58716,215.63188,846.3296,438.93735,-48.022034
SitUp06_frame_0003.jpg,149.16266,351.7195,-42.47406,133.42104,363.1875,-31.288912,133.39156,364.6974,-31.399567,133.3616,366.4226,-31.488382,133.73837,365.47165,-69.443535,133.86838,368.69278,-69.469315,134.03812,372.2398,-69.53951,142.9439,385.22482,39.19507,143.5608,392.09055,-131.35716,165.12448,355.41943,-11.585732,165.5377,358.26312,-60.90481,242.01495,386.27826,152.58789,233.38995,418.8757,-233.99774,375.01566,399.14914,198.08713,372.08743,456.09918,-270.35312,477.3149,381.94833,181.73529,490.41577,418.52588,-218.34755,510.04468,378.89062,177.9942,523.1607,419.01813,-242.95987,509.969,376.0003,150.4584,521.23395,405.09317,-230.40479,498.86914,376.73877,167.41234,509.64334,403.33237,-210.09175,489.2287,365.2589,114.96908,493.30313,388.8138,-114.772446,639.6671,251.41441,50.06784,650.001,259.46674,-188.80139,728.3211,372.966,231.22818,748.44385,408.23273,-27.348957,715.1941,409.63037,245.57611,733.5182,438.30713,-9.57532,811.43256,396.7982,230.189,845.5421,433.59274,-26.153133
SitUp06_frame_0004.jpg,171.76964,316.4457,10.303605,154.62259,322.95984,24.173471,153.95273,324.2301,24.17354,153.29028,325.70987,24.155064,155.17053,325.91336,-23.783054,154.74135,329.34164,-23.872278,154.13739,333.50128,-23.94169,157.33965,348.46704,116.16927,157.30836,359.33176,-95.34367,187.6166,323.44775,49.00042,187.28848,327.1364,-12.321159,249.2651,361.6796,245.3247,241.70497,410.717,-193.96498,370.08978,366.67337,173.23291,376.89398,428.57184,-136.22711,344.95645,295.92175,-101.87715,338.5048,315.74255,134.91225,351.44574,280.65186,-136.34364,333.38852,296.17896,161.22578,336.773,284.67514,-128.52478,316.12466,300.19284,161.19405,331.65494,291.90973,-110.12094,316.72473,305.80157,148.45883,480.19736,365.26065,140.32681,483.49606,400.07962,-140.17679,620.3068,248.78043,169.73251,645.22754,260.28656,-154.51068,693.60284,365.93427,288.57898,753.7329,408.91556,-105.43955,684.38086,397.80533,298.60196,743.1483,439.03717,-93.856125,758.9179,377.215,286.61768,838.4521,428.8409,-107.208084
SitUp10_frame_0140.jpg,428.24084,383.99255,42.163834,410.697,380.03314,61.846703,409.65045,381.37515,61.781345,408.54935,382.92108,61.63504,407.68262,381.1068,-0.712884,404.22107,383.68195,-0.594854,400.63998,386.68497,-0.4799758,397.1663,405.7726,198.55429,381.7245,418.0781,-90.58006,434.3369,403.18262,97.20086,430.67297,403.9557,12.592196,489.85672,461.42957,326.12674,420.13715,510.4356,-146.86774,599.95105,351.7253,347.6614,444.1655,451.38016,-228.45676,454.5194,369.40897,191.2989,369.89792,442.1164,37.17364,432.69748,374.1151,154.8192,355.60742,454.15683,47.491325,419.69684,390.37054,203.0765,367.79056,459.60925,40.4106,428.44116,390.79205,201.29738,377.24664,462.3593,40.145206,764.672,493.5044,178.50287,751.5382,523.94226,-178.31467,950.6542,354.97852,122.086105,952.46246,352.85117,-204.99554,1153.8015,507.16208,138.9925,1161.7604,527.13336,-193.33952,1173.8324,532.8562,137.35385,1175.4774,570.37317,-186.21504,1228.5656,475.54535,83.941376,1245.1663,509.0479,-223.35481
SitUp10_frame_0141.jpg,416.92413,395.10693,12.5719185,398.77286,392.23508,31.963123,398.66736,393.12643,31.845325,398.6319,394.22644,31.657084,392.7895,395.39886,-22.544958,388.90387,398.52673,-22.4213,384.54898,403.15405,-22.334179,395.08484,413.51697,165.30779,378.11816,425.28223,-87.133316,427.88498,410.7866,65.115654,421.00793,413.9948,-8.671621,493.67334,461.44742,285.51465,426.2505,504.40506,-126.6113,596.62964,354.1739,285.63916,402.09628,397.96463,-145.21346,441.50543,388.62564,145.91829,367.26566,450.3615,199.63838,410.0277,392.49652,107.30176,354.52716,469.1456,216.61363,411.8125,413.5005,163.92426,361.79034,509.81952,196.29852,419.6722,412.23447,158.21848,374.4098,476.16278,196.67383,766.4169,482.98706,154.60759,751.3779,520.21094,-154.44717,950.5144,352.03113,106.12446,955.97925,348.07965,-184.60832,1148.2429,501.01837,117.71637,1162.1067,528.8906,-188.14345,1165.0045,532.03326,116.369644,1176.9639,575.06323,-182.7323,1240.7019,465.7584,72.731964,1259.8779,526.7798,-221.99843
SitUp10_frame_0142.jpg,425.40448,380.80707,19.284855,410.0865,375.64075,35.9161,409.70728,376.52905,35.75399,409.24,377.7892,35.53272,405.45636,378.20563,-13.221859,401.20023,381.27945,-13.093277,397.09274,385.12564,-12.997734,402.4582,400.183,154.45006,383.25702,416.2574,-73.46263,433.6136,399.01782,66.041466,428.17386,400.9822,-0.7378897,496.47293,457.80908,254.52696,424.93835,503.76675,-113.17138,595.4327,347.86578,264.4813,411.55194,366.7138,-164.6907,449.44562,373.39093,161.64833,360.09473,418.15897,107.18773,414.35992,390.81235,128.0876,345.36676,431.2642,115.52209,418.62085,397.83124,182.93863,358.14905,449.29437,100.88925,425.9474,396.2774,175.55698,366.32327,443.3148,105.96266,770.3391,476.52597,136.00687,755.9353,520.0587,-135.80753,953.56683,343.1777,102.21101,952.9634,344.4819,-171.74704,1133.4291,477.23492,108.41422,1157.8173,525.04535,-180.14081,1147.8282,506.54617,106.74449,1167.3273,572.1201,-175.0992,1219.3462,463.5979,71.996376,1236.2023,512.6094,-198.47914
SitUp10_frame_0143.jpg,427.4858,378.53766,36.220757,408.82797,372.40417,52.74917,407.55368,373.5941,52.631992,406.1166,375.23953,52.446297,405.06973,374.436,-1.25036,401.03772,377.30325,-1.1014502,394.7594,381.3574,-1.0186639,398.3513,397.27533,176.13147,381.71515,410.02008,-73.17394,433.86664,401.03668,86.07718,429.71875,402.8075,12.964057,490.7289,449.97076,290.4226,412.7992,501.3215,-122.957085,597.65015,345.20078,299.0622,404.6539,375.37833,-155.31435,440.97324,368.25186,155.79648,355.70804,410.57956,176.20966,410.23196,369.2574,114.21973,338.5813,419.75256,190.73442,412.27963,393.33435,164.23761,356.00525,440.47284,174.85635,419.2591,393.10056,165.59769,366.54034,435.8727,175.84329,754.43475,479.56833,155.56322,743.71814,522.0315,-155.4306,946.7273,350.80817,109.94223,953.0704,351.47665,-178.97177,1141.7119,486.36972,125.58152,1161.3939,525.171,-185.02258,1158.2786,522.2197,124.89051,1164.5411,574.9208,-179.65025,1217.0253,465.24573,78.95507,1256.365,514.9669,-217.48238
SitUp10_frame_0202.jpg,400.45184,389.6496,48.610184,384.05246,382.7005,68.26773,383.94028,383.9628,68.10645,383.62546,385.47275,67.86125,379.76166,384.03674,17.866058,376.56323,386.416,17.982683,372.8,389.50464,18.110935,374.16306,406.84732,189.5029,356.2824,417.90695,-46.611122,409.9198,411.84814,96.16885,405.40036,413.19623,27.003157,463.89532,470.13205,286.6619,387.39944,507.8846,-88.09334,557.4752,350.13965,420.47073,428.39362,355.56296,-125.996414,405.73056,369.7393,466.94128,342.8341,407.2977,140.2596,367.29712,383.02573,459.8449,319.98315,417.53845,159.84639,371.55972,397.0907,515.08075,330.45627,433.77255,144.45164,382.28696,396.641,485.10992,341.97983,435.36,140.15326,747.39044,507.63165,143.61215,728.78406,547.7732,-143.18529,931.9638,365.7899,102.52577,934.8491,371.39502,-188.29468,1122.0463,516.6828,117.23962,1144.2888,545.1619,-197.14917,1145.7448,556.86346,117.039986,1151.7502,601.19476,-188.67812,1214.4397,490.51672,97.097885,1223.6989,519.7489,-187.08517
SitUp10_frame_0203.jpg,384.8799,399.39664,4.4804993,368.23297,392.149,23.206013,368.82022,392.8936,23.080252,369.1724,393.7626,22.872458,362.95844,393.9686,-26.33868,359.80167,396.31577,-26.253883,356.3783,399.2189,-26.149437,364.84576,412.7159,152.20389,345.88467,425.081,-80.427765,399.01828,417.95306,55.333923,391.38452,420.7756,-12.883953,463.30777,466.34805,265.08844,379.94064,518.066,-119.14328,556.66785,354.95462,384.18472,405.30096,359.30847,-159.80325,400.43546,378.05542,406.02557,334.1972,400.6402,135.47415,357.96832,387.4929,391.6656,313.2347,410.3451,148.32434,369.2249,401.19693,444.06787,326.4688,427.3525,136.8968,382.12183,401.62616,421.89557,337.96017,429.0065,135.89465,747.37396,499.5762,142.83414,733.1436,540.41815,-142.4389,925.3882,362.5976,104.95155,928.83923,373.6809,-179.81534,1117.5453,516.466,122.388535,1143.0258,547.124,-192.84447,1139.0562,550.60925,123.26752,1153.0813,601.6939,-185.9347,1207.3668,492.4064,100.333824,1249.8408,546.26373,-196.75499
SitUp12_frame_0266.jpg,1109.8027,444.82913,-24.221693,1129.5461,459.41052,-59.994793,1130.2748,462.93674,-59.7746,1131.1046,466.70215,-59.744972,1129.4487,459.08,-14.121882,1130.1547,462.15543,-14.146198,1130.9923,465.40714,-14.23223,1127.2554,492.21667,-131.85562,1126.4784,486.84833,78.234344,1094.4905,456.66824,-47.210674,1093.7335,455.26752,13.022393,1048.7775,526.7528,-223.73851,1027.1515,484.33606,232.10574,1165.1483,454.19983,-252.00334,1112.5571,442.40912,448.62442,1154.7618,545.83856,31.793306,1140.8893,521.5694,625.02405,1155.7717,560.1143,33.545406,1140.1172,539.7676,627.48114,1142.9238,559.22614,33.838722,1130.3221,539.9277,648.59186,1140.2078,555.2349,35.963497,1129.5385,536.36115,625.39514,728.357,476.88626,-169.92741,733.8395,439.736,169.67166,569.1695,300.4941,-222.78755,590.198,285.37558,165.1882,514.66125,519.3652,-102.608345,524.3714,494.29337,226.85912,522.7995,559.033,-89.18196,533.7045,531.0996,228.22607,407.54257,523.2669,-98.20211,422.94598,515.32465,211.44733
SitUp12_frame_0267.jpg,1103.2118,442.98108,-35.087524,1124.0756,456.6772,-71.21172,1124.9341,459.7723,-71.01226,1125.8683,462.9382,-70.98179,1124.0916,456.66815,-24.474964,1124.8877,459.5859,-24.49413,1125.7653,462.52698,-24.583872,1123.0211,486.82693,-145.76851,1121.9792,482.712,67.595985,1089.5005,455.01285,-59.10565,1088.3845,454.2294,2.142199,1044.8002,527.0724,-235.73665,1023.21674,486.19604,219.52846,1157.0173,455.5787,-268.80078,1096.3794,448.57495,433.0485,1151.0306,539.8322,9.519728,1136.1106,515.6434,590.6801,1150.1611,552.5997,8.509184,1133.1982,533.09094,590.9995,1140.4291,553.1996,10.259532,1126.7598,533.9188,605.3017,1138.6917,550.26086,13.973315,1126.0502,530.5423,588.3387,726.9652,477.21948,-168.66513,732.13086,440.1455,168.44302,571.467,301.2385,-219.4893,590.8107,284.98273,166.6347,514.083,515.6246,-93.33239,526.62665,490.27365,238.07147,528.422,553.4538,-79.32095,541.996,526.7767,240.6542,412.82822,522.75037,-87.09142,433.01077,514.55756,225.8204
SitUp12_frame_0268.jpg,1097.9757,440.18137,9.387009,1120.1493,453.83685,-30.741598,1121.1992,457.0768,-30.556463,1122.3282,460.38,-30.541056,1120.0323,453.76767,20.031776,1121.0543,456.8305,20.055649,1122.1908,459.89847,19.983921,1118.9117,482.63437,-119.479774,1118.417,479.05292,112.50185,1083.3158,455.10153,-18.849525,1081.8816,453.26187,47.54359,1042.5391,525.4869,-231.25189,1022.52893,488.44327,272.0734,1152.2675,436.23782,-277.897,1088.8014,453.18732,529.6964,1142.8347,528.0419,-12.483903,1132.6069,511.58652,750.83685,1147.0748,544.5224,-15.704328,1132.4702,528.912,766.25195,1131.6592,545.9217,-14.770229,1122.2697,533.18463,783.5647,1128.1439,542.09906,-8.639009,1120.0345,529.8,751.68475,732.586,478.92365,-184.47304,737.7278,446.489,184.24844,570.82,300.76218,-244.27176,589.95306,290.86923,179.4908,514.0775,514.2813,-123.1054,521.0568,492.4859,245.11682,525.6908,551.49054,-107.62956,534.6632,529.02264,247.02618,409.33823,525.2678,-110.330925,418.99335,517.9644,223.89561
SitUp12_frame_0462.jpg,1081.4979,414.54123,39.85925,1104.1343,422.8347,-1.7499108,1106.2635,426.31937,-1.5617155,1108.777,430.3607,-1.5461849,1103.5587,423.83267,49.79224,1105.3809,427.72437,49.875824,1107.5636,432.02603,49.81942,1115.0228,463.24152,-100.175644,1113.559,461.4731,136.01666,1071.1332,431.63974,8.620089,1070.184,432.33823,76.23236,1046.3545,511.92633,-220.76282,1028.9725,488.20526,286.2264,1133.43,392.2786,-292.22733,1105.478,429.0565,541.4583,1155.9912,470.7842,-84.81959,1128.7477,473.40448,767.0674,1162.1646,486.1952,-101.925255,1152.3132,501.96533,787.2177,1136.0594,499.64423,-97.37064,1126.772,491.05002,802.65625,1128.8749,495.96857,-82.59518,1121.6223,489.53384,768.31244,741.6599,478.78503,-193.61324,744.7283,444.64536,193.29253,568.9886,296.0643,-231.08519,587.66974,291.263,163.91838,511.2741,515.0449,-147.76744,516.7163,491.99716,245.44495,529.32904,550.2473,-135.18083,530.45184,525.7777,249.4404,409.83157,524.0212,-146.6187,414.4022,512.43195,210.7079
SitUp12_frame_0463.jpg,1092.7297,422.97186,40.215023,1113.4895,431.07214,0.18749553,1114.8608,433.98343,0.36542338,1116.3706,437.28424,0.39766926,1113.1807,431.5471,51.67506,1114.4447,434.55362,51.74376,1115.93,437.95255,51.695065,1119.2554,465.2286,-97.40136,1118.0376,464.01447,136.52574,1080.0823,435.7461,8.732386,1079.0945,434.9858,76.01527,1047.0739,517.28064,-216.7684,1027.4385,486.3738,280.56088,1144.8035,411.77075,-275.24005,1065.6178,449.99918,518.3218,1162.3909,490.78558,-62.168686,1119.2095,485.5286,715.1273,1161.4723,511.21594,-76.24155,1128.4989,501.67944,732.61163,1149.5264,513.81464,-70.29349,1117.1327,501.32367,742.30206,1141.5383,500.60294,-58.381203,1106.5184,499.29337,714.1602,751.83105,483.22363,-182.24963,754.9022,448.69675,181.9451,569.3256,296.276,-226.9066,593.6806,288.64383,141.1637,512.0874,514.51135,-147.59087,521.4776,489.1832,239.94292,522.90326,553.65375,-138.50629,535.17896,527.08057,244.90298,408.3662,520.20386,-170.87544,430.85632,511.52188,200.00166
SitUp12_frame_0464.jpg,1113.5674,428.7259,14.48732,1132.7167,441.01044,-24.895435,1133.2477,444.46606,-24.7021,1133.9392,448.38956,-24.67528,1131.612,441.56537,24.466417,1131.7628,445.18253,24.539219,1132.2849,449.2838,24.516,1127.928,477.83353,-118.581566,1126.8951,476.27737,107.22242,1095.6013,441.33963,-15.774049,1094.6091,440.46533,49.054005,1049.9473,520.20624,-230.6941,1028.8318,489.28214,248.95587,1152.5566,424.85846,-289.26187,1114.1647,455.82184,485.27408,1163.2266,514.8571,-74.99631,1147.1338,514.7534,695.36176,1173.5125,519.0834,-88.54691,1161.2721,532.25775,710.7323,1146.4369,537.7845,-82.335846,1128.2877,515.52734,724.8572,1143.3403,532.2185,-71.219864,1126.4346,513.3677,695.7672,748.4577,480.24243,-186.04852,751.82825,446.28638,185.69853,572.3841,299.76865,-239.52106,594.31116,290.05612,145.91344,519.4939,516.7407,-156.11334,530.0764,495.71857,234.12646,529.7869,552.8519,-145.78806,542.4392,530.4447,238.64731,410.46094,522.1246,-173.23323,432.2049,518.0439,198.43558
SitUp12_frame_0534.jpg,1096.373,432.6495,-0.8330537,1116.4362,442.35052,-41.54828,1117.5215,445.9845,-41.377247,1118.6912,450.08395,-41.354,1115.5608,442.62354,8.8428755,1116.2903,446.13153,8.912488,1117.2181,449.9961,8.832478,1118.8765,481.46027,-137.45616,1117.694,479.384,92.09798,1081.4155,447.79398,-31.71412,1080.3733,447.14862,34.233265,1044.1696,521.8011,-251.26822,1023.94604,501.32886,246.43398,1148.8328,421.45563,-314.8221,1103.2983,451.5267,470.22293,1160.6599,505.45114,-108.44679,1134.9443,489.72125,656.28625,1151.5837,532.79144,-123.63887,1138.8422,510.31918,668.90076,1138.1064,536.15845,-118.73257,1125.4656,516.6924,685.087,1136.2491,532.643,-105.10081,1125.0016,507.97726,656.25555,728.52576,478.29507,-189.13408,738.29486,444.70407,188.79106,566.90393,298.32516,-221.09521,593.70435,287.14996,189.37321,512.14124,510.05087,-124.997116,527.03357,485.54623,280.44095,521.07837,547.22906,-112.53654,539.25665,520.9862,285.3281,406.28836,521.80414,-124.5634,430.4698,509.1694,261.0205
SitUp12_frame_0535.jpg,1111.296,432.1732,4.622787,1129.9203,442.76233,-35.119804,1130.2787,446.11484,-34.94876,1130.7211,449.98615,-34.932907,1128.7982,443.6627,15.367225,1128.7496,447.428,15.446147,1128.9788,451.6937,15.395418,1125.1829,480.81003,-129.60468,1124.0306,479.8922,100.56565,1092.9951,445.3086,-26.167809,1092.033,445.267,39.977642,1045.906,521.1733,-245.85071,1026.995,496.11923,250.40762,1152.1481,423.10645,-302.55664,1100.0104,458.8442,475.00247,1162.2795,508.83292,-90.568054,1131.8689,505.58255,664.16284,1167.208,523.4323,-105.53627,1144.7603,539.58154,677.039,1139.0126,543.57837,-99.98764,1124.0098,526.7292,691.0232,1137.8613,540.0013,-86.829475,1122.3492,523.57465,663.77026,734.7598,479.43747,-189.5919,744.1354,444.88852,189.25073,563.8697,297.1612,-244.5759,594.5243,285.65417,174.83711,511.5059,514.5054,-118.913025,526.41327,488.58313,277.72284,525.07654,547.7623,-103.90977,544.40686,521.3189,283.84427,409.3701,523.8874,-120.09466,432.29993,513.14795,252.1389
SitUp13_frame_0140.jpg,898.80743,479.15616,-40.418762,916.4064,485.61502,-56.671173,918.33936,488.82294,-56.645412,920.42053,492.25916,-56.647266,912.3789,480.86063,-19.693832,911.3827,480.6474,-19.736752,910.4477,480.52237,-19.789312,917.6014,514.89435,-58.324814,906.3418,497.27237,111.02173,887.6904,488.91074,-39.32908,882.1703,482.71188,9.826039,857.8913,560.7962,-104.78763,805.38586,497.14136,205.08463,852.8689,493.62448,-185.4238,723.2388,408.88187,88.55048,848.93243,467.96997,-42.91645,818.06995,452.87735,-180.11246,867.19714,469.9718,-45.337875,836.87866,465.28174,-219.65874,857.9641,483.4482,-37.454865,845.12787,469.697,-188.23264,852.4686,484.39816,-37.53848,835.5233,470.24716,-177.44844,566.1265,569.413,-118.019516,551.6068,519.42267,117.70507,391.69708,455.71426,-249.12161,399.78683,417.59235,21.358334,240.14664,600.8474,-212.20161,260.94208,550.35364,101.091576,253.85602,642.2943,-206.73103,265.06656,587.3576,107.280365,128.72124,635.5764,-264.8497,155.01442,564.6965,70.409454
SitUp13_frame_0141.jpg,899.6597,479.4644,-36.56527,917.1095,486.28024,-51.83083,918.8855,489.45215,-51.815094,920.7401,492.84006,-51.82126,913.2501,481.67593,-15.615197,912.24963,481.53613,-15.663509,911.3203,481.4831,-15.713215,917.5308,515.201,-53.281536,907.213,498.27908,112.6297,888.19055,488.50626,-35.774048,883.0591,482.5491,12.409068,857.2295,560.6272,-107.10244,805.6757,496.37976,204.49281,855.7911,492.76862,-185.99847,724.1044,410.59964,82.73662,847.7698,465.02594,-26.109903,815.0084,450.48224,-197.17892,866.55304,456.89426,-26.293213,831.9318,460.8355,-238.29262,857.39844,470.2813,-17.125927,840.5612,464.31708,-210.07068,852.1178,472.74908,-19.720566,831.4199,465.54013,-196.28293,568.5047,571.0356,-118.60742,554.77844,519.96,118.30907,391.89224,456.22168,-222.02359,400.68018,418.92273,21.155703,239.25497,602.34717,-207.40965,261.58807,550.51154,101.05896,253.564,644.6111,-204.61687,266.4614,587.3903,106.83931,128.92032,634.4662,-267.5079,157.37393,562.2439,69.84827
SitUp13_frame_0142.jpg,899.03,480.3072,-40.212852,916.8828,487.56985,-55.82865,918.6975,490.92288,-55.80992,920.5647,494.44977,-55.815384,913.0441,482.60574,-19.468678,912.10205,482.40225,-19.51851,911.2247,482.2964,-19.558525,917.34125,516.6141,-56.215965,907.1382,499.31686,110.234665,887.6832,489.7354,-38.70246,882.603,483.25494,9.597753,855.4328,561.2147,-113.67626,805.11865,497.00677,206.8953,847.5399,491.12076,-187.40341,723.5294,410.54303,79.94925,843.4253,459.10516,-20.610144,814.00586,451.81717,-202.84543,854.2663,453.43726,-20.503836,828.3019,462.38907,-243.27614,846.3787,466.6666,-11.067843,837.20325,466.27454,-214.19666,841.6741,469.5394,-13.836905,828.29285,467.43033,-201.51721,567.11816,570.02325,-121.87393,551.62744,518.59204,121.55537,389.60587,458.5556,-220.86763,396.9859,419.7694,29.654406,236.68251,603.23596,-199.62593,258.77945,552.6426,113.83202,252.40515,644.1774,-196.07568,262.97406,590.5719,119.93759,130.20938,634.8228,-258.91147,154.45071,562.9319,82.011734
SitUp13_frame_0145.jpg,900.89014,479.0622,-27.859348,918.45917,486.78406,-45.278038,920.0534,490.02994,-45.258236,921.71423,493.4881,-45.25785,914.9698,482.30966,-6.7652016,914.07434,482.324,-6.8160195,913.27686,482.47272,-6.8662734,917.699,516.4526,-55.015625,908.4812,500.31653,120.899734,889.0799,488.1104,-29.946184,884.2001,482.13953,21.084146,856.19495,560.4543,-119.03371,803.83496,496.31128,216.81322,842.6736,492.34424,-196.57701,721.9461,409.92523,88.661835,844.828,459.0926,-41.159103,813.2898,444.9266,-199.64874,853.05676,453.76608,-42.901352,829.64087,458.06036,-240.16049,845.7809,466.70566,-34.309723,839.5171,462.21628,-212.35712,841.0502,469.55252,-34.619022,830.4878,463.27368,-198.85138,565.9895,569.17975,-125.35167,550.8994,517.9443,125.03833,390.3447,458.3293,-236.2365,397.51483,418.89362,32.257393,239.21394,602.0816,-199.34415,258.77454,552.96655,120.24903,254.92677,643.2273,-194.08228,263.07867,590.5988,126.573326,130.36057,635.8495,-254.83559,154.3581,563.39966,88.23042
SitUp13_frame_0171.jpg,822.2403,407.01343,0.46769127,840.3644,407.8813,-19.048021,843.09235,411.20245,-19.049904,846.1002,414.65836,-19.15141,836.23047,403.1112,23.445316,835.8541,402.89285,23.47811,835.61835,402.8304,23.401384,857.6146,439.04126,-38.467445,842.6782,426.11618,160.38623,812.5546,425.48044,-3.5520105,808.71857,418.25607,53.848343,831.3628,517.3159,-70.296684,760.1454,467.15527,241.37015,849.6256,507.21365,-195.9983,643.96674,418.3743,229.88217,880.56635,472.7287,-120.46698,751.98474,414.85498,74.199066,893.5375,446.00983,-125.263824,776.47424,417.63837,41.62181,884.2764,457.47263,-110.93713,782.8299,420.84143,64.54722,871.7827,469.8431,-114.36961,777.135,423.1016,75.47228,572.12384,567.4606,-132.66432,553.3922,519.30994,132.62302,398.14032,453.40875,-267.55585,396.2647,414.32233,15.907525,246.1789,604.9893,-246.73935,256.8956,559.4429,88.246704,260.56033,641.1892,-241.10243,262.70746,598.3648,92.953735,135.89409,635.1407,-297.15933,144.61655,583.07367,44.88413
SitUp13_frame_0172.jpg,808.18225,406.8189,61.417297,824.7845,407.65973,37.790573,827.57983,411.23572,37.776695,830.64825,414.94662,37.658287,821.9382,402.44147,80.537155,822.33984,401.9574,80.61496,822.7505,401.5669,80.58591,846.0128,437.34143,-2.147332,832.3805,423.05923,193.68835,800.50684,426.0837,49.693993,797.2981,418.88336,106.33811,824.83344,512.1165,-69.502144,761.6826,466.67273,271.66354,755.25696,463.18857,-89.0129,638.14465,418.27963,205.64139,781.27515,413.651,91.808105,743.8037,411.02576,-11.415817,791.2954,405.6953,104.244736,766.65955,415.75003,-39.793133,792.0444,415.5173,106.18745,774.3351,418.43372,-20.04161,786.3104,419.2385,99.965965,769.6591,419.45877,-12.064262,574.1505,564.2787,-125.012375,552.44183,515.50903,125.018265,400.29578,454.44208,-234.53952,398.61362,412.3849,12.416813,245.10542,605.0261,-281.94492,252.50266,556.92914,36.610195,257.768,640.75366,-281.2644,255.8509,597.3292,36.525604,135.10532,636.3369,-321.4547,159.01451,585.4794,1.3604075
SitUp14_frame_0003.jpg,589.6554,489.999,16.923569,601.12665,494.9172,-10.687766,601.6251,497.07053,-10.595337,602.1821,499.15833,-10.621773,600.31134,494.05948,28.659746,600.20276,495.50217,28.695726,600.2947,496.8777,28.627504,602.7753,518.2955,-63.05319,600.0215,513.76465,115.87055,578.45654,504.3121,0.76728964,577.6572,502.40536,52.03396,545.4924,561.4868,-140.63312,516.427,529.9348,228.64197,579.3226,456.23297,-190.36476,526.41534,452.68628,426.81412,599.182,513.4218,-22.14764,570.1835,504.58533,623.9745,604.4921,528.2832,-29.790144,577.9079,518.5352,639.7111,598.53723,537.2446,-38.611633,572.6766,530.58295,668.8974,592.1268,531.7258,-24.841146,572.1627,520.5466,633.6578,310.04614,569.84143,-138.55783,308.8515,538.46045,138.20268,148.32317,454.7808,-177.41035,157.70398,439.0395,79.91547,33.143265,584.21924,-145.13223,56.166874,554.72205,136.46751,42.287407,615.13696,-137.79141,61.84245,590.35803,140.28987,-31.559837,598.2718,-170.21754,-22.266327,581.66187,97.028114
SitUp14_frame_0004.jpg,590.30194,488.43143,18.019676,602.2243,493.4927,-9.522432,602.84766,495.68372,-9.428929,603.5293,497.7955,-9.454696,601.2437,492.5203,31.077951,601.1215,493.923,31.119274,601.25494,495.25714,31.054838,604.3759,517.3102,-62.998085,601.7624,513.0275,121.436325,580.04175,502.4758,1.0549176,579.3164,500.6068,53.907738,546.4206,561.4964,-148.6295,524.6364,531.7563,238.58197,576.0613,455.09885,-196.139,526.2813,453.89517,432.9005,599.25037,512.3552,-19.436615,571.77014,505.6231,626.61993,604.5669,527.13196,-26.126362,580.4038,519.57043,642.8213,599.6165,536.1119,-35.764,575.20404,530.9057,671.81976,596.6016,530.68427,-21.994993,575.2819,521.44305,635.98016,308.712,569.08563,-143.69414,308.32056,539.2668,143.31982,146.82626,450.719,-182.01093,156.28285,438.8209,93.255974,34.477306,584.50464,-146.54749,57.526733,553.3882,151.29706,43.374325,615.3745,-138.79015,62.75277,587.8984,154.9855,-30.307888,598.44543,-168.29883,-18.88348,580.0541,113.962814
SitUp14_frame_0130.jpg,649.79376,499.15335,-12.398719,663.5223,504.9852,-34.096134,664.7462,507.74603,-34.019516,665.9282,510.5072,-34.0772,661.7242,501.87018,1.9305875,661.6799,502.33875,1.9520944,661.63684,502.77466,1.9226471,665.0797,528.3666,-68.179665,659.83856,517.548,98.05845,638.85706,510.41537,-22.158173,637.37756,506.76602,25.339964,618.10034,575.2237,-115.669785,593.0647,521.9166,196.1809,677.6776,507.0413,-147.16934,615.08307,446.9973,344.65018,686.20526,539.9493,43.46103,639.6216,508.8387,458.84927,675.54614,546.9154,44.129826,643.6099,525.68933,457.12747,670.58734,552.178,39.390198,644.09467,528.56323,483.91043,670.368,551.45905,43.027153,642.4075,523.89636,463.98245,398.2203,565.17035,-121.795746,392.42026,528.5206,121.458824,235.87291,455.1613,-165.08391,242.9411,447.1665,64.975845,118.27636,577.65094,-159.38042,134.87758,545.22766,94.900116,115.78478,608.6732,-156.50685,131.4905,582.3258,95.527145,37.911457,582.1156,-207.57083,54.43983,554.0242,45.235767
SitUp14_frame_0138.jpg,665.5907,511.0409,-12.463647,679.9196,519.4487,-32.05665,681.1796,522.6261,-31.947094,682.46716,526.02435,-31.94485,677.676,515.2897,7.2277093,677.37933,515.45917,7.1943097,677.0536,515.68243,7.1590624,678.345,543.6724,-59.63607,671.933,529.7505,121.00124,654.2862,520.425,-18.304485,651.9685,514.8205,33.151936,631.7851,576.515,-126.43148,600.49066,526.3783,227.75778,698.9164,520.86804,-175.53148,637.99445,459.17365,256.44934,757.67163,520.505,13.605215,648.3016,510.35516,219.3023,773.4633,522.565,10.694509,655.33954,525.2873,201.3758,760.10974,530.61163,14.471776,654.6772,531.7435,232.53899,751.71356,529.91077,17.91443,649.22284,537.55774,222.35936,406.68948,540.45844,-136.86101,406.1038,508.4253,136.36029,236.44394,452.85593,-190.4289,247.17676,436.84293,79.48461,119.47497,575.3631,-146.51352,144.86801,537.25494,161.48538,120.6428,607.85974,-143.12198,143.486,568.6641,168.22629,31.981974,572.13995,-219.97539,66.672165,532.00366,119.355415
SitUp14_frame_0892.jpg,604.23065,512.63556,-109.625114,614.1601,517.4951,-125.400406,615.1999,520.2339,-125.37178,616.4779,523.2058,-125.44364,612.2281,513.9664,-90.95183,611.7427,513.93286,-90.96934,611.3329,513.9762,-90.93458,614.6698,538.55664,-134.66125,609.673,526.21497,25.526352,596.5019,522.8747,-110.82967,593.87354,518.2813,-64.75194,576.9595,570.5241,-163.58138,553.40356,536.1267,131.42773,657.2182,588.4252,-228.62785,512.68866,530.1255,295.1155,619.72815,561.9502,-37.76479,490.3515,538.60706,358.6654,617.7091,558.6157,-44.043304,487.30618,539.4377,368.98438,612.4143,556.65564,-19.351194,485.4942,537.40125,348.2394,612.6281,556.82056,-27.815956,487.67975,538.1617,348.2337,391.365,554.8422,-104.15889,390.70374,529.8149,104.17498,286.1055,483.3061,-203.00468,291.16592,467.06998,81.12235,210.87714,568.14825,-26.14633,217.03474,538.7777,181.01244,216.73569,588.65454,-4.7302866,224.03458,566.4532,191.202,145.39612,581.2755,-11.762496,159.81473,558.2823,173.72574
SitUp14_frame_0893.jpg,603.8147,511.4955,-112.729706,613.83344,515.7643,-127.465866,614.91425,518.483,-127.43839,616.25366,521.422,-127.4769,611.87915,512.47705,-93.45992,611.3795,512.5031,-93.4452,610.93146,512.57025,-93.38699,614.8129,537.30096,-129.64584,609.48724,524.9966,28.762438,596.0367,521.78,-110.50852,593.26764,517.3315,-64.8334,576.8096,569.5549,-171.30716,552.528,535.78516,129.63866,654.24963,586.8064,-301.54706,481.59766,543.2994,239.61032,622.04846,562.25604,-205.1655,393.5591,544.3933,227.8751,619.29614,558.71277,-223.85054,374.54126,549.1188,238.29442,613.83655,556.8969,-193.36201,373.15454,551.1592,203.58536,614.11285,557.1146,-194.75874,381.53012,550.15735,213.98366,391.58255,554.7311,-111.60536,389.98276,529.9947,111.48186,286.52475,481.3459,-221.98228,291.8173,463.92358,83.24079,208.03726,567.32245,-46.711727,214.26584,540.95166,185.72939,214.7954,589.35846,-26.16747,221.77753,569.1932,194.67143,144.80235,581.9146,-36.06578,156.38103,562.2826,173.21495
SitUp14_frame_1042.jpg,556.136,479.00085,172.83994,574.2488,480.9653,153.56303,576.9319,483.56805,153.61661,579.57745,486.1995,153.49194,569.4632,477.4702,193.98218,569.06415,477.67148,193.94672,568.8344,478.01187,193.88092,584.66766,504.15424,113.104836,572.4925,493.8636,295.16333,553.15204,493.69327,160.0764,547.1168,489.4018,212.59401,578.4473,567.6325,38.442905,504.76233,532.41925,365.53107,682.2769,565.74664,-49.80957,490.13052,507.8809,591.11554,748.19025,546.17615,137.29999,522.836,502.01086,791.0651,772.87976,546.42645,154.99121,534.1585,502.84573,824.4507,757.5077,544.02783,178.89932,531.87134,510.76654,828.3246,744.4273,544.5188,151.40099,529.693,512.0232,793.29114,332.8996,605.0056,-115.83202,299.6606,575.9884,115.71871,161.34149,495.1517,-228.87347,135.87273,466.5416,-72.78774,45.044716,641.5008,-296.66653,30.836584,590.9741,-88.57876,41.425453,678.0991,-296.72794,31.767376,625.5097,-91.39709,-65.28048,668.3387,-314.68622,-60.79334,629.1918,-128.67207
SitUp14_frame_1043.jpg,569.22473,484.11353,184.23506,584.2515,487.95834,169.66368,586.43286,490.58652,169.66772,588.59174,493.34277,169.56044,579.4221,484.6319,207.97862,578.44574,484.93802,207.91014,577.616,485.3485,207.84837,588.0561,509.75256,148.06737,576.0641,498.58075,319.9472,565.4675,497.70563,177.7875,558.4107,493.15854,227.37163,578.9281,569.3263,49.675266,501.9922,532.4277,380.64746,677.1634,575.3145,-118.326164,435.50534,536.7878,586.2135,744.1367,559.23413,-33.654774,418.6426,522.727,760.1263,768.16956,559.5414,-34.635654,412.2107,522.31964,796.82043,753.87823,554.38525,-7.2726984,415.18274,525.8743,778.0897,740.58356,554.9026,-22.28232,418.68115,526.4415,755.0371,335.10397,602.7082,-121.13792,297.65378,574.5957,121.089676,162.92677,498.8609,-242.38873,136.45856,468.72092,-56.96002,40.954693,644.19586,-307.74637,27.046537,590.5998,-81.56593,39.394764,679.0106,-308.00305,28.868938,625.5655,-84.95037,-66.572426,663.9692,-339.20718,-64.30911,621.07153,-127.59154
SitUp14_frame_1142.jpg,555.9125,536.5857,-108.867485,567.1705,541.73816,-128.21898,567.6686,543.5028,-128.20232,568.2928,545.3291,-128.29573,567.0883,540.6386,-92.12776,567.4544,541.6026,-92.1296,568.02637,542.6807,-92.10669,567.8545,561.7975,-152.77463,568.0763,557.1042,12.249564,547.48975,546.3335,-114.3243,546.86523,544.0439,-66.907715,521.35034,602.6927,-179.7256,517.1089,563.30475,143.07439,564.7286,637.7155,-212.0286,550.7166,555.68066,358.32104,587.35974,600.8238,10.479063,576.041,567.2312,519.6683,592.91595,593.7707,13.204648,582.91626,567.8464,535.8493,583.3893,591.05914,29.537497,570.61505,573.3021,539.9936,578.6327,593.57465,21.00915,566.5593,573.14435,518.65173,332.2364,561.33093,-115.400475,349.48703,532.6557,115.36034,226.30115,468.11072,-167.68814,279.0863,446.82797,117.06208,160.71027,544.4614,50.900948,208.42146,527.6092,253.14886,161.3617,565.7622,75.28746,222.40689,546.4779,266.8259,109.39333,535.2585,71.87502,157.84802,523.31494,263.68002
SitUp14_frame_1143.jpg,558.31744,536.11646,-116.18918,569.2181,541.2825,-137.70941,569.6268,543.1432,-137.69531,570.18896,545.0891,-137.78258,569.1535,540.23785,-101.23306,569.46484,541.27954,-101.231125,569.9871,542.4748,-101.198845,569.1118,561.6359,-167.78778,569.36884,557.2953,-0.37483728,549.5252,545.29395,-123.67066,548.94916,543.2222,-75.449936,522.5581,599.6461,-196.52972,515.6621,564.10815,130.3831,564.34344,636.7838,-240.79861,549.4414,559.32336,369.80643,571.1593,614.2914,-37.157265,567.5502,574.7714,560.7508,567.15063,608.71466,-38.484337,572.03577,579.9838,582.1772,560.1754,609.2357,-25.179178,563.1691,580.1841,585.5581,559.9393,608.8138,-28.778187,559.56085,579.59766,560.73773,331.2184,558.63745,-116.54933,348.07077,532.7605,116.54016,225.99554,466.67288,-158.67131,281.18875,445.7145,124.767815,158.79497,543.75244,41.46701,208.11946,527.35974,258.66446,160.07089,565.5936,63.866295,220.14717,546.54205,271.14893,105.78257,536.27924,58.678665,156.69969,526.3406,267.90894
SitUp15_frame_0017.jpg,213.66295,679.73395,-86.41337,202.71683,684.2648,-75.7863,202.42256,685.09265,-75.76545,202.04532,686.17316,-75.778786,202.05855,686.9079,-107.85448,201.30878,689.3611,-107.891396,200.46878,692.025,-107.87787,204.56854,700.2808,2.186108,202.39102,706.22485,-146.16267,223.4552,686.32025,-56.09382,222.80527,689.17993,-99.10748,264.2627,711.8296,97.263435,247.48712,740.80176,-165.22243,219.46918,700.8447,263.20578,171.33215,752.80066,-183.72179,207.57747,717.8894,396.37234,184.54344,731.5204,47.936993,203.536,727.19934,408.65747,188.47182,730.07275,57.15035,206.63472,726.8115,407.5597,195.12679,729.3827,80.31256,208.3067,724.6036,393.06158,195.2965,728.7589,60.439854,426.30673,712.6886,99.70719,429.61,726.7239,-99.729004,499.8513,628.094,119.60863,505.56854,631.0985,-97.143814,538.2325,724.1044,180.94048,550.7401,734.1474,-18.234402,527.34515,746.2715,187.97734,539.4095,752.3211,-6.7799397,586.69977,744.6653,193.79675,610.0566,755.6757,3.2948031
SitUp15_frame_0018.jpg,212.27438,677.3611,-58.170364,202.8664,680.7362,-47.880108,202.62881,681.381,-47.86966,202.37715,682.1896,-47.849483,202.31139,682.9672,-83.25189,201.621,685.09656,-83.301865,200.84961,687.5182,-83.295044,203.72783,695.3822,27.095251,201.46031,702.18866,-136.39977,223.05739,684.01074,-28.991468,222.70215,686.5832,-76.247765,259.961,710.6018,114.87466,246.40273,739.27374,-163.78783,203.84819,693.696,274.3661,170.7052,744.97156,-178.20975,192.77022,720.1583,382.28986,184.94579,730.2999,70.19898,181.68823,735.48,389.63742,190.13293,730.72656,78.61771,193.96985,729.8966,390.7077,195.18849,730.8468,99.73756,195.29155,727.58246,378.8216,194.61815,729.67175,81.55431,422.64175,715.5026,106.317764,423.76495,726.05896,-106.42623,502.7257,631.62335,96.79172,505.4555,627.6041,-118.84862,540.4592,729.4556,174.4486,546.313,734.30536,-18.268757,529.9155,751.96985,183.06233,549.4226,764.0705,-4.202101,595.03235,750.345,182.97673,608.0027,755.98706,7.0949154
SitUp15_frame_0167.jpg,202.97882,687.41064,-68.0718,194.0301,693.7757,-57.884533,193.82925,694.5818,-57.8994,193.60124,695.5591,-57.88006,193.28674,696.0342,-88.74967,192.59056,698.1562,-88.78428,191.91187,700.37714,-88.73428,196.93005,707.63464,19.941257,195.86351,713.8916,-124.03157,212.11078,692.1387,-38.132236,212.21768,694.6908,-79.610245,257.17667,712.8303,105.69127,242.58707,739.7314,-149.19008,214.94635,712.99615,257.97433,172.63553,764.2698,-147.06842,204.8056,735.0213,371.09177,190.77415,747.71265,107.927345,198.48409,742.6946,375.37473,193.03143,745.7171,122.56849,203.26097,742.2245,377.2073,205.14268,746.2886,134.86351,205.75699,740.5936,368.55145,206.06839,747.1475,116.517006,413.91153,714.501,101.6558,416.38086,728.7606,-101.85454,495.08133,626.5791,78.91627,506.0084,628.52234,-119.88725,552.1002,732.85956,160.9237,553.3037,736.4878,-28.858051,534.60565,748.14526,170.3002,540.65344,753.26166,-14.758672,593.41504,753.52856,171.46082,607.85675,760.4053,-0.25024047
SitUp15_frame_0168.jpg,202.90909,687.2916,-65.08539,193.87996,693.7726,-54.91869,193.6729,694.5883,-54.937252,193.44121,695.57245,-54.912544,193.17804,696.0656,-85.95832,192.51125,698.2162,-85.99701,191.86432,700.4667,-85.94345,196.88318,707.7612,22.633257,195.92076,714.1362,-122.36319,212.04541,691.9888,-35.257698,212.20894,694.6351,-76.967896,256.80386,713.12756,107.18239,242.73215,739.8896,-148.42871,213.54597,714.2003,258.59485,172.51193,764.1293,-146.96886,203.91687,735.1665,368.10178,190.64313,747.8229,109.26,197.45863,742.6654,371.20554,193.73767,746.48065,123.82965,202.35469,742.20337,372.46243,205.56274,747.30066,135.53525,204.9068,740.66864,365.18997,206.43965,748.1422,117.582344,413.84286,714.90564,101.11169,416.52414,727.58234,-101.306274,495.35812,628.1262,76.739586,505.99127,627.55237,-121.95004,555.19635,733.66797,159.07474,552.9123,735.7238,-28.675749,536.66095,748.5755,168.35155,539.89874,752.5658,-14.249854,595.9799,753.8831,168.19868,607.746,760.0863,0.2504265
SitUp15_frame_0346.jpg,201.25485,705.6659,-75.4357,191.39096,710.3905,-67.82725,191.1508,710.81476,-67.80885,190.69017,711.3235,-67.83946,190.5879,713.49243,-92.20651,189.87813,716.17804,-92.12187,188.98073,718.9529,-92.04364,192.79099,721.92267,1.5363932,191.11626,731.3793,-113.06965,210.09239,708.5721,-48.800716,209.3618,711.8131,-81.968094,240.11548,732.88635,74.63092,222.33081,759.5438,-123.13431,189.41812,711.3047,178.92375,151.24731,787.2647,-175.73167,191.26607,726.3437,271.85687,177.1641,754.4646,-12.602315,191.18423,728.9603,273.70184,180.29062,747.75385,-6.594421,192.51738,729.599,278.58542,184.13832,746.5516,13.809289,193.5604,730.52747,269.5368,185.38542,748.8171,-3.2212722,420.6144,727.7786,77.04932,424.54596,738.3865,-77.088394,491.7027,651.53314,122.205894,499.73398,640.37585,-57.120773,536.0269,736.1606,99.10904,542.2096,747.85394,-63.046032,530.02576,758.53284,95.717384,538.3169,769.0378,-59.495735,590.301,755.51086,87.68847,607.6936,772.1771,-51.39907
SitUp15_frame_0347.jpg,197.0906,707.91327,-83.63421,188.57738,713.1283,-74.987076,188.7497,713.2689,-74.97163,188.83324,713.41956,-74.991035,187.6131,716.96387,-98.06833,187.185,719.8834,-97.99089,186.70418,722.69604,-97.90958,193.61725,722.9979,-3.2195432,191.48149,733.71497,-111.587166,206.38426,709.8477,-56.462727,205.79504,713.56757,-87.85108,242.22618,730.6793,70.789406,224.74706,757.7771,-120.83738,182.35371,715.9174,170.00012,151.21107,793.58936,-175.94821,188.72876,730.41345,264.36832,173.85536,757.384,-13.398989,186.68735,732.7042,264.88632,168.59277,746.42035,-8.721693,189.2151,732.13855,269.75812,184.32599,745.99634,14.633719,189.76947,732.92633,261.87,184.55351,748.1367,-3.2156954,420.98926,727.5381,77.41712,425.42834,735.5793,-77.53928,492.18594,650.90424,132.20741,500.92355,638.2489,-46.068462,534.08765,734.9708,112.30876,542.99756,746.7077,-55.188564,529.3013,756.7911,109.27887,537.2916,766.78436,-51.85206,586.3277,753.507,101.35411,608.27783,769.242,-43.990257
SitUp16_frame_0003.jpg,632.8945,769.9829,-71.43581,640.26605,764.37476,-60.175194,639.74866,764.91345,-60.134304,639.2171,765.64667,-60.116447,639.7209,763.0243,-74.59972,638.7014,763.51324,-74.63961,637.75946,763.99023,-74.74088,628.02014,765.708,3.9050448,627.04865,762.85583,-60.48555,621.3006,772.31604,-48.530678,614.90247,768.5312,-67.3379,568.80676,767.67395,40.669422,569.1366,755.60986,-93.2612,611.86816,706.56396,99.63511,609.4867,692.8403,-231.76706,617.3478,759.52563,214.5631,624.3695,759.0341,-232.66698,618.6436,765.546,213.01921,630.6546,771.4606,-255.85733,612.16766,775.1123,202.57707,622.4904,775.67456,-229.62338,611.0931,773.8956,207.5172,616.41113,766.6928,-227.2206,407.4569,767.964,61.159424,410.86853,753.3851,-61.33549,306.503,770.1629,4.7800775,311.16763,739.38245,-128.72961,218.74641,703.154,22.271065,214.76381,687.04156,-102.074005,208.30206,680.6073,19.553831,206.9734,671.67285,-101.373535,177.19485,724.6433,-60.91543,171.70827,712.71,-183.714
SitUp16_frame_0004.jpg,622.6763,766.7377,-85.36325,634.77216,764.8593,-76.29129,634.32196,764.9807,-76.227356,633.8162,765.25525,-76.21285,634.2035,764.3812,-81.888626,633.47253,764.1784,-81.94316,632.6211,762.6049,-82.06215,622.8841,763.29474,-17.1734,622.29596,761.99,-41.200146,611.575,768.555,-64.58961,611.0687,767.281,-71.76786,567.2577,768.3868,6.2222857,564.68787,749.3568,-59.476505,611.6125,701.6854,40.558468,608.04987,692.434,-197.75562,615.7417,768.1415,160.78429,620.04205,756.63306,-208.53825,619.675,765.11053,156.15166,627.66986,769.2567,-229.7435,612.2284,775.3767,150.50398,615.18884,768.53,-202.43724,610.2568,772.7752,155.797,612.7027,766.0883,-203.40913,397.92172,769.98755,31.322964,402.48782,753.00104,-31.607248,293.88773,766.9477,-13.901033,292.8835,725.444,-72.99494,211.0694,691.76086,27.807713,210.90714,681.6002,-40.322376,204.83595,679.0088,27.751358,204.22614,668.97833,-38.980175,167.1536,699.71826,-51.730595,196.26869,685.9329,-122.10808
SitUp16_frame_0579.jpg,382.87924,920.2649,-721.2415,374.39185,944.56165,-776.0972,365.57642,950.21606,-776.1493,356.7873,955.73395,-776.526,401.4591,937.9306,-769.97363,410.48743,939.1797,-770.1532,419.41647,940.3607,-770.3453,343.24347,1005.1099,-791.0706,443.09607,980.71814,-757.7898,368.3393,940.061,-697.35376,394.00626,933.41724,-689.08685,228.95004,1044.6755,-633.75,535.9148,1009.1802,-604.11035,130.09557,906.8622,-757.43384,612.39105,828.0851,-668.6591,148.70909,954.46924,-903.5518,587.5739,954.1714,-764.84894,154.05046,980.66833,-930.44476,591.2266,992.3685,-789.81915,157.349,998.9368,-899.6034,585.0398,1004.52325,-743.3268,168.41273,986.71356,-894.5877,572.0773,993.3406,-749.50165,270.2882,822.40625,1.4721448,400.75156,799.98785,-0.63182926,260.67776,713.40643,487.5466,360.1011,698.4573,492.26398,303.56808,664.964,1050.3684,340.61813,643.6547,1024.1306,315.16147,664.53827,1109.0865,341.27997,652.37366,1076.337,291.87903,634.8624,1059.9169,307.0776,585.1791,1010.3119
SitUp16_frame_0580.jpg,389.7052,936.6456,-722.65173,384.6675,958.226,-774.07,377.5327,962.81934,-774.0811,370.4325,967.29376,-774.4844,405.75903,953.3786,-767.8112,412.39032,954.62946,-767.9597,418.93848,955.8225,-768.12744,357.8476,1005.9494,-792.30457,434.9261,987.6499,-757.26294,375.20923,950.79956,-702.62445,395.61792,945.5975,-693.491,282.44653,1034.2404,-624.081,520.1265,1008.4802,-615.49023,167.99437,923.0769,-645.54706,544.04596,879.5038,-551.8197,197.95366,1019.83093,-688.5157,542.8471,1011.74744,-496.30655,212.76213,1053.7983,-705.32513,543.6882,1059.5505,-510.48694,212.26178,1071.6686,-686.27637,545.1368,1066.8658,-467.73978,215.48889,1057.4647,-681.543,534.68475,1052.9982,-478.9869,292.28543,824.73914,7.1513023,371.3581,804.6279,-6.379912,276.81635,712.2471,497.55286,341.53458,720.71075,493.58105,309.50522,666.54944,1048.7578,328.7677,659.85565,1002.49255,318.18723,670.65076,1107.2795,332.53064,655.93787,1053.5564,307.02576,640.3022,1067.975,310.35822,623.26587,1002.8812
SitUp16_frame_0798.jpg,587.19116,686.78,30.002914,601.13763,691.1233,6.399703,602.05286,692.62366,6.4765162,602.94977,694.21216,6.4372997,600.8552,691.08105,39.25945,601.19086,692.34937,39.291714,601.5018,693.7361,39.27244,602.14374,707.84094,-48.84964,599.34863,705.62494,100.98366,579.3477,695.35956,12.46263,578.86755,695.65155,55.557804,561.67694,741.0353,-116.03417,540.2892,716.1278,188.17293,594.38165,656.22003,-138.04211,573.97925,652.9995,314.79587,623.944,715.00366,21.82318,609.39795,704.90533,407.7298,632.4071,723.1012,18.52885,622.04553,714.6151,411.1723,624.32715,728.0072,20.840343,614.0193,718.4684,427.05716,618.6663,727.18274,24.905022,607.40936,717.6085,409.53015,351.112,731.2423,-113.29138,354.8262,711.1115,112.98477,211.0133,636.108,-154.46082,220.2228,632.472,60.640133,107.08524,737.91125,-141.47731,114.89719,727.5837,118.98321,109.491806,762.55945,-137.3667,116.232285,750.8316,121.89009,35.70093,748.7628,-168.60597,44.393265,736.0397,89.780815
SitUp16_frame_0799.jpg,600.34247,688.4918,-3.0804229,611.5599,693.736,-25.183964,611.59076,695.0631,-25.09284,611.7003,696.4724,-25.121935,611.5742,693.94666,7.664834,611.3324,695.29285,7.698905,611.07794,696.7011,7.6758776,606.7896,710.23425,-72.94055,603.84766,708.6313,77.63898,588.35547,696.85205,-18.326355,588.54865,696.6787,24.810488,561.3842,741.2045,-140.56554,545.90625,713.8126,168.54243,604.90533,660.893,-170.17885,590.3211,653.4436,303.65738,625.38116,728.3428,-17.090132,612.0264,714.6906,423.4616,635.3822,737.58704,-23.68555,623.561,726.5412,429.19202,622.7715,740.1816,-23.107616,610.00146,728.7495,447.71622,615.96985,738.1381,-15.329656,606.1102,726.3257,426.9391,348.93286,723.2333,-118.98262,353.00073,701.39246,118.686775,208.93169,634.5657,-168.62708,219.35333,623.7563,79.98308,109.08497,735.78406,-134.8355,116.21623,721.9585,133.64967,111.635124,762.03674,-129.01874,118.92254,746.0635,136.31682,42.777027,743.1912,-162.21167,48.837597,729.1254,101.84004
SitUp16_frame_0918.jpg,597.6547,664.76373,407.45004,613.9492,668.6299,421.7136,616.3867,671.45807,421.88116,618.97736,674.4227,421.78824,608.27563,664.8205,447.83286,606.7261,664.81696,447.89282,605.26587,664.91034,447.8629,622.3582,694.02734,473.23267,601.80255,680.73206,594.69946,591.543,675.72394,420.4939,583.8663,671.0375,455.37897,609.5111,734.9695,407.5803,520.485,703.9949,602.6431,683.9001,659.5189,405.56555,525.5164,622.87463,655.34467,632.2083,699.95734,695.6319,572.9559,695.00366,736.47925,626.01794,703.188,728.0088,586.09784,706.7581,735.4219,619.0247,707.97577,733.9159,587.9315,708.97314,777.19885,616.18335,706.8943,701.6724,585.21185,704.59436,750.5846,440.23276,758.99286,-113.297325,380.35284,737.7427,113.01743,284.51718,627.65924,-289.25494,233.17014,614.8502,-59.379814,196.7614,810.2285,-503.61765,154.7043,779.6791,-239.60321,220.95218,846.6478,-523.8678,163.8419,803.79755,-261.76193,115.24252,868.0829,-581.81116,68.74238,838.2638,-318.78137
SitUp16_frame_0919.jpg,597.9983,661.5207,358.5248,615.8611,664.8148,370.45297,618.50806,667.7803,370.6115,621.2408,670.9655,370.5494,610.33606,660.96497,396.33167,609.10406,661.11536,396.35187,608.0179,661.43243,396.2568,625.4521,691.37976,417.80786,607.22406,678.74457,536.7962,591.5307,673.51105,370.78253,584.31934,668.75574,404.95334,609.7965,735.5002,353.40945,523.4346,707.95544,543.40576,672.8431,666.3131,351.20544,522.24585,625.82544,538.40967,630.15076,696.40674,619.6317,570.13947,687.54834,545.32996,627.05023,698.3551,654.31555,586.23413,701.7423,539.4474,616.52905,702.44226,659.5439,588.622,703.6489,583.918,614.9489,701.8399,625.97534,583.7641,699.1554,558.85956,436.82443,758.4724,-108.38504,379.36615,737.09924,107.97232,283.9336,624.8268,-281.82233,232.1682,614.54706,-30.944408,193.07458,813.62646,-479.18622,146.43095,783.6726,-184.00394,222.96907,851.5852,-497.33768,160.84944,817.75635,-202.88628,113.81194,874.93933,-556.7074,59.377285,841.1596,-255.7108
SitUp16_frame_1072.jpg,571.90063,752.9587,-56.626053,583.3755,759.874,-82.294,583.38696,761.3086,-82.23033,583.46234,762.68994,-82.29055,584.2109,759.58386,-49.510235,584.7562,760.8029,-49.522514,585.4822,761.931,-49.584126,579.68884,778.4796,-130.41634,582.9377,774.9342,18.116398,559.9199,756.02966,-70.78295,559.72345,754.8663,-28.160566,513.47906,799.92346,-181.4203,523.3412,772.23975,118.05271,537.6119,748.6258,-214.50743,567.9477,713.04504,289.16315,554.52356,775.81384,-41.83218,573.0945,770.0774,479.63855,558.6806,777.8025,-44.69674,574.7588,785.7171,498.96777,551.88336,785.03784,-35.480915,565.9615,793.75793,513.9844,548.5902,783.7482,-35.905006,565.1628,788.60364,484.40286,317.03888,768.1405,-108.43512,332.32123,747.9471,108.38245,202.82104,665.9984,-143.67253,229.4415,665.4711,94.08268,119.22825,754.74603,-48.75565,142.64041,750.3753,193.74026,135.71211,772.19415,-35.502693,157.43045,765.65607,202.21857,64.47464,769.60425,-41.928017,80.93868,760.6314,191.31586
SitUp16_frame_1073.jpg,575.11115,754.6344,-48.9674,586.0086,761.6377,-73.29408,585.9816,763.0741,-73.244865,586.0297,764.40845,-73.30755,586.8615,761.3104,-39.6072,587.36224,762.5168,-39.624996,588.04504,763.5725,-39.68649,582.1294,780.7433,-120.06826,585.236,777.7542,33.419518,564.0131,757.6638,-63.306282,564.179,756.35156,-19.221657,516.8529,805.31744,-171.39876,524.0515,775.3098,127.047775,543.646,744.25806,-206.94528,563.8469,722.80023,297.35657,557.6468,776.9672,-19.884394,565.78217,770.726,486.1733,556.9991,779.7031,-22.8969,567.11914,785.534,503.04306,553.2056,782.47363,-15.42829,558.81256,794.64,518.6231,551.48975,779.1515,-14.90387,558.07605,789.8731,490.5783,319.82117,771.8584,-105.617744,335.5772,747.76984,105.53705,202.57266,666.87244,-166.44588,228.6714,664.86316,84.093575,119.085785,754.7198,-15.615728,135.6294,751.4707,199.93263,135.24866,771.47656,3.3528259,151.40936,764.2988,210.34212,62.5298,769.7942,0.30922443,79.1172,758.8191,194.79247
SitUp17_frame_0059.jpg,122.41819,489.03976,72.84309,113.7548,476.84247,114.96689,115.82101,475.24756,114.97,118.186905,473.8166,114.887474,103.1396,484.5018,85.658226,96.63572,488.64273,85.73554,88.75176,493.22357,85.695015,116.110596,484.65814,297.4036,67.009476,515.89014,163.68681,137.22049,504.54156,136.53943,123.23197,515.20056,97.22827,199.99141,538.37146,361.55804,65.147835,617.5512,115.54184,276.95706,461.53955,252.94664,76.13073,619.5798,76.42407,142.34985,477.5686,165.55644,93.51539,550.52356,362.0277,106.34096,486.93854,129.22952,100.426155,531.529,385.5032,102.99762,495.16418,206.52832,103.80321,540.8491,381.9606,115.186905,496.8891,187.24347,107.22765,550.51227,365.31937,363.00052,695.9868,115.81066,295.26117,766.3323,-115.476006,581.20636,596.9681,-87.47561,468.16525,673.164,-379.46216,692.7413,774.7787,-177.20648,621.2769,855.0317,-443.78394,683.86896,821.32764,-187.57607,622.32166,912.66425,-439.46075,797.5292,780.1853,-294.6774,714.06006,905.55914,-524.7728
SitUp17_frame_0067.jpg,110.38552,519.0253,-46.40593,101.28678,506.94434,-9.210941,102.96921,505.7627,-9.264443,104.770004,504.76196,-9.42417,92.260735,512.402,-37.878304,86.41397,515.3107,-37.75656,78.69367,518.9526,-37.704674,101.3263,515.6514,169.23819,54.508347,540.0613,37.039967,122.50665,533.7127,17.978558,110.10944,542.9595,-20.872427,186.05411,559.2138,247.09637,62.777466,650.59705,31.758066,257.48163,468.81332,170.27448,76.53166,623.7731,-1.4290357,131.46541,502.43805,74.56516,58.444305,564.34296,280.63626,95.40004,509.2268,35.104668,46.06089,543.8447,297.10953,98.717155,519.0076,99.06828,52.089207,555.0607,292.3849,110.372025,521.50287,92.23428,62.14101,562.5684,282.32233,362.94626,686.8992,109.095085,314.89307,769.3126,-108.745445,587.18695,600.74915,-108.53714,489.9964,695.37427,-347.00696,703.3558,772.2473,-152.98529,662.2774,896.4051,-392.2071,696.2321,824.8628,-157.61678,662.1111,935.79443,-389.4101,819.2834,766.01434,-251.07152,746.45123,909.96985,-480.78806
SitUp17_frame_1358.jpg,44.330437,692.02625,-140.92412,33.337734,688.0935,-116.48589,34.06266,684.6483,-116.55211,34.86732,682.3219,-116.61718,26.021955,702.7947,-138.76059,26.022299,704.09296,-138.76335,25.777016,705.35315,-138.85558,47.483574,681.24524,19.238943,36.11708,707.6617,-75.44865,61.68197,687.4964,-90.13395,62.241196,701.76917,-117.65628,142.15573,673.7672,116.61295,105.90091,762.21265,-140.79141,164.32489,586.00104,-77.40901,94.367584,697.781,-302.06082,85.86159,656.69995,-329.621,35.63042,695.59717,-256.87463,68.742294,681.93225,-377.86523,19.907635,703.2974,-277.34766,64.662224,689.22144,-328.129,28.222374,712.8096,-279.43823,71.70135,680.91064,-319.5792,37.7737,712.0707,-258.04077,335.22467,711.37,128.18181,326.134,761.64575,-128.38654,450.3949,595.2777,-0.38181368,458.03583,632.1524,-259.0966,535.85834,725.30896,155.62228,542.2192,765.7074,-73.96559,519.6527,749.22644,170.50421,532.6045,796.0134,-51.282146,610.54736,728.9303,122.73244,630.8271,766.36694,-79.552734
SitUp17_frame_1359.jpg,79.94309,661.799,-66.43199,70.387215,664.3371,-46.108387,71.01346,663.8899,-46.14943,71.46484,663.3313,-46.22813,66.2826,671.42883,-85.13319,63.804558,676.0699,-85.119865,60.89226,680.3108,-85.19714,77.754105,675.26825,71.98837,62.885292,699.7844,-104.49298,97.65443,665.18884,-21.515263,92.10517,671.7046,-72.72021,154.01147,676.5905,170.40475,106.46771,763.06213,-159.06622,170.33325,586.9788,116.06335,85.252815,693.1359,-231.93379,91.45157,649.2202,-46.39431,47.477695,691.2045,-41.911373,66.02558,664.63226,-83.66164,31.948778,698.1758,-44.50402,73.23141,674.2937,-37.228455,40.70209,708.4921,-48.015705,81.797615,670.4674,-37.477104,51.657692,707.0349,-40.98716,337.4324,715.4337,132.39154,325.7972,764.626,-132.44688,451.08972,594.30914,31.327282,459.46152,636.23816,-221.42845,534.3775,718.09454,133.03502,540.4979,764.96063,-61.490864,520.266,740.23413,143.11873,529.1028,792.8015,-39.976143,606.6119,723.0779,99.524376,613.2425,777.08704,-63.600113
SitUp18_frame_0168.jpg,166.55789,510.39832,24.773642,157.8336,503.90048,44.83362,158.50378,503.39398,44.896652,159.19707,503.2287,44.860188,152.3387,509.11212,18.647282,149.02626,512.5348,18.651928,145.34848,516.3449,18.680754,158.73608,515.9237,155.91022,141.17307,534.55164,35.171062,177.50256,518.19714,65.298935,170.66171,524.5028,30.075455,233.88931,535.7976,239.57855,167.05763,597.9636,8.057675,272.00876,447.98337,231.069,125.02811,528.2688,35.65983,193.7009,497.18042,190.81424,123.37367,527.19543,347.11725,178.83243,507.26703,166.74881,123.6446,526.12384,365.83902,174.92668,513.11774,214.73909,125.54077,533.12036,364.4203,176.76761,512.2202,203.0986,128.26883,534.5525,349.4444,392.64746,598.8178,101.37518,366.40143,644.5987,-101.05722,542.22595,516.19403,-22.615173,499.49298,566.3661,-275.5575,623.2256,674.7755,-52.787434,591.89905,726.43005,-325.22147,612.73395,700.22595,-56.381798,579.69495,752.7341,-324.73022,711.6094,693.0738,-128.4871,685.76666,766.97925,-384.35956
SitUp18_frame_0176.jpg,168.55176,511.7896,63.639164,158.43642,506.02417,84.183655,158.73062,505.8513,84.23802,158.73996,505.97202,84.211334,153.89491,510.8702,57.85416,150.72629,514.64014,57.865322,147.12643,518.8441,57.88312,160.10608,519.8569,193.7419,144.07419,539.1201,72.16899,180.32693,519.6112,103.57979,174.37604,525.8295,68.12436,233.56158,535.56647,273.60782,167.30586,597.6066,35.42031,270.09644,448.78696,254.06929,121.15392,523.3393,54.12248,197.71526,498.33615,188.45941,125.73254,525.9272,357.22537,181.96559,508.43634,162.58224,126.7277,528.65936,375.4623,179.00705,514.7474,209.5791,135.00063,545.01666,374.32733,181.37752,514.078,200.33224,131.63155,537.27747,359.58527,391.52402,598.8469,105.46366,364.653,645.09186,-105.208275,542.5623,516.9518,-39.501915,500.231,565.14923,-282.06836,624.6423,682.3613,-89.688805,592.24023,727.2677,-338.79996,621.28296,706.9854,-95.39241,578.98,754.8782,-338.74234,693.5154,724.8612,-167.31004,686.0941,766.10596,-393.4688
SitUp18_frame_0478.jpg,123.796776,525.9392,50.908012,109.71539,518.2998,68.84742,110.25716,518.5393,68.84758,110.74296,518.8555,68.79437,102.77319,522.8759,35.506096,98.00661,526.7513,35.527634,93.12636,530.86316,35.568653,111.06886,533.0626,179.83484,90.82831,546.6608,23.669312,131.86821,538.86145,91.81023,125.3769,543.27686,46.708885,189.91322,560.2282,261.8375,121.63852,618.09436,-3.7264674,236.05194,470.787,249.63469,110.52688,531.9828,11.274379,153.20546,515.5903,150.0064,89.03123,549.58813,321.57156,129.8668,536.1731,120.47169,81.51409,555.5323,340.43005,127.93442,545.45386,167.55017,84.6935,568.7588,335.5785,130.97685,542.54407,160.41713,88.37437,567.6809,322.62177,371.63242,619.91156,114.53722,344.9264,663.863,-114.222786,538.5661,527.9054,-2.3745089,506.47583,560.34076,-241.50136,636.4443,680.3418,-50.10526,611.13556,724.07544,-278.56656,621.71826,700.7202,-54.973892,597.58887,754.5673,-275.30795,698.2591,724.6847,-115.77855,691.65356,756.9597,-318.20438
SitUp18_frame_0479.jpg,119.34665,531.65265,26.78457,106.52563,522.79486,45.43738,107.414406,522.56354,45.46281,108.07886,522.46515,45.427902,97.78656,528.44617,14.869752,92.365105,532.61816,14.879269,87.352936,536.7826,14.924689,107.4761,536.4394,161.53482,85.75278,550.9697,19.09011,127.2676,544.0034,69.19716,118.91649,549.7886,28.010118,186.0408,559.7439,245.3753,121.678154,621.2942,-1.5407435,227.21121,472.3322,231.88902,101.24255,539.9983,13.647268,151.26826,507.17114,139.85037,85.51599,553.1571,324.13046,132.01668,518.82745,111.33544,80.27718,561.47614,342.39908,129.60934,534.07837,154.3745,85.23191,575.14966,339.7251,136.33849,534.7427,148.76492,89.88115,573.24316,325.64783,369.6878,616.1152,103.667564,344.8227,660.10425,-103.40342,534.08685,527.1804,-10.4472885,506.22504,557.73083,-228.49768,633.4031,678.56726,-62.680065,609.9578,718.93494,-268.56848,622.8455,701.8589,-68.05849,600.0766,746.181,-266.21805,722.0969,705.62775,-133.95525,690.1651,753.1442,-309.27695
SitUp19_frame_0143.jpg,132.07324,735.1583,217.86397,121.537094,735.81836,249.41293,121.838295,735.3659,249.41237,122.1999,735.0363,249.36914,118.77691,741.38055,225.81511,116.883415,745.1323,225.81615,114.88998,749.2786,225.79424,124.12409,747.19006,365.6721,112.47951,772.8759,260.35318,144.99419,739.72986,257.87534,142.64372,746.714,226.98793,206.88005,746.5821,410.7782,152.80914,832.41833,186.56464,240.8463,680.065,347.77573,173.09235,816.14233,149.63313,170.30531,718.8357,289.83853,145.49438,795.41254,322.77875,155.85262,730.8618,269.03995,132.80673,784.90656,334.1772,153.67886,736.83136,315.33765,133.0993,787.4793,322.02,159.31984,735.7818,302.65894,139.44855,788.84186,321.36996,340.7278,808.08264,92.582016,312.68436,862.7304,-92.37556,476.49542,748.2959,-62.975445,419.48117,782.7195,-326.7957,581.4502,882.3809,-177.37227,542.22894,931.94336,-467.6793,586.10394,914.6355,-192.83476,550.8236,960.1188,-479.7448,652.68713,891.1559,-283.2886,623.7143,927.39496,-561.889
SitUp19_frame_0151.jpg,156.73624,733.09143,106.28295,145.92084,728.1787,135.43532,146.68733,726.70844,135.39853,147.43663,725.33136,135.29619,141.24194,735.3502,112.802574,138.26541,739.4461,112.85563,135.0289,744.7708,112.87201,148.01964,733.5408,255.62509,129.1202,765.14557,152.52437,169.7588,739.82324,148.04893,165.85706,749.0118,117.92991,218.1141,744.8894,319.41113,163.29723,822.08374,113.20754,263.97974,680.0424,303.4375,183.07474,811.9266,120.97945,181.90128,706.1596,276.53723,129.41861,785.07166,308.61465,167.5321,717.89233,258.9357,116.782394,786.07666,322.69904,167.0162,724.3268,304.38675,120.24027,791.16516,303.85678,171.7774,722.9998,289.72055,127.20962,789.05084,304.11078,353.98553,817.16736,97.59369,324.59558,864.9137,-97.38098,483.67035,735.0082,-33.01466,424.7698,780.868,-324.50235,578.14655,872.05444,-117.39602,543.38196,927.7831,-436.7126,575.03186,908.84595,-128.49701,549.2719,965.8646,-442.91046,655.19244,883.8577,-200.28403,625.6466,942.1769,-509.94098
SitUp19_frame_0253.jpg,124.814705,748.31116,210.56491,115.17644,750.47107,238.42593,115.849846,750.37787,238.43571,116.57878,750.3994,238.38942,112.47032,754.7216,212.95609,111.06279,757.9086,212.95636,109.55423,761.6009,212.94392,121.10412,764.9452,348.6892,111.34247,783.37915,234.11964,138.0651,752.6018,249.70847,134.54819,758.30756,215.83319,211.98184,766.3561,401.1661,149.56444,836.6651,164.30196,252.57556,713.2504,335.03336,149.85077,815.4254,125.55068,177.1151,741.2793,254.67387,118.33239,796.407,296.09985,159.11003,751.3366,237.6452,110.35408,791.64056,310.0538,156.21617,756.69324,281.01788,114.41128,800.6116,304.2915,160.62573,756.2573,267.24057,127.95995,804.07056,298.0815,347.56583,815.88586,95.6667,317.44153,864.78485,-95.526566,483.2272,747.2106,-44.86598,423.6049,787.8211,-330.1912,578.6269,879.2004,-148.53523,540.01074,932.0585,-484.61435,583.0495,909.4226,-162.38503,544.89374,961.1063,-498.13113,653.4962,893.941,-241.68437,625.72437,937.0901,-572.74115
SitUp19_frame_0261.jpg,123.344086,754.82104,167.03398,113.28674,755.9476,196.41374,113.86008,754.95483,196.37178,114.57124,753.9185,196.2634,111.07751,762.13306,169.36024,110.11431,766.1211,169.36572,109.1576,771.0873,169.38586,119.934265,764.8786,317.70648,112.850296,791.1765,197.4252,138.48286,756.2833,211.26213,135.1921,764.6109,175.81006,207.5732,763.32104,384.58298,156.5938,838.02185,108.68806,265.3129,718.88055,294.97473,203.59099,846.2127,-69.84195,181.14429,729.86707,175.95514,133.07059,800.6925,-128.53165,161.03975,738.3701,157.3855,116.46461,793.8565,-145.30057,156.32918,743.27026,194.56633,119.33337,792.73865,-140.04773,161.86644,743.85974,186.504,125.93849,794.37256,-126.27268,351.7735,815.89075,111.7374,322.99985,866.5551,-111.61458,490.06766,743.439,-62.987423,428.41812,786.5044,-329.52426,587.8955,877.77136,-135.77773,542.5666,928.7698,-424.39267,589.96216,906.05585,-145.30936,545.8969,956.47363,-430.3664,654.63324,898.74054,-219.69467,629.18134,944.2752,-493.0172
SitUp19_frame_0382.jpg,146.13246,699.4162,-1.7626017,133.2754,701.3742,13.931261,132.99162,701.97485,13.810689,132.82211,702.64886,13.738314,132.38783,704.1627,-25.974375,131.08206,707.1532,-25.953278,129.45087,710.9229,-25.948769,133.03304,718.9428,108.098076,127.55305,736.3562,-69.32156,158.99582,708.9393,36.739677,158.95738,712.5868,-14.692256,202.51314,728.2553,203.38461,185.68927,787.07404,-131.97002,263.23438,675.605,95.54014,265.37817,715.74146,-167.04204,181.04625,703.35803,-158.2687,176.87871,718.3191,-46.17086,158.75244,712.07935,-201.77676,163.01999,731.8856,-48.219334,156.5729,722.591,-165.29213,151.18945,741.3999,-63.19756,164.73508,721.3733,-153.38402,158.72314,738.7539,-46.494587,396.23077,752.70337,125.36193,392.59653,787.5665,-125.24153,523.1888,675.21674,101.38947,531.0701,680.924,-164.40663,648.7156,751.29486,142.08533,664.2612,769.5487,-116.06709,660.22003,781.2316,142.50072,675.5346,802.34644,-107.81887,701.3123,726.8903,106.10353,741.1667,749.8258,-135.27547
SitUp19_frame_0390.jpg,103.0044,726.821,-22.253826,90.905556,735.07355,-7.3472013,90.6483,735.53503,-7.467232,90.477585,736.0632,-7.5622716,91.07842,739.249,-45.58439,90.71881,743.2256,-45.575623,90.38347,747.84576,-45.56271,97.99704,752.5459,86.45908,98.88399,770.4414,-83.7223,118.47725,729.461,15.956539,119.411964,734.1775,-33.383324,183.71771,740.32214,181.54538,170.69012,801.7691,-136.62927,221.35448,666.6561,105.08235,219.74257,705.86725,-179.56744,139.7453,722.2811,-77.750206,143.68549,740.5445,-55.70356,118.01664,733.588,-111.01519,120.41494,760.59503,-53.68242,119.182304,742.5461,-65.54045,120.26195,767.9365,-76.01904,127.91448,739.715,-67.660385,128.40625,761.9445,-59.461918,391.66705,746.3909,118.00722,388.3798,785.3521,-117.86759,525.9563,675.6012,75.16497,526.5232,690.18854,-143.95998,653.2462,749.5124,103.992256,665.0086,770.0565,-106.39738,662.1787,778.5151,103.80211,678.6363,803.7952,-101.92514,705.0392,730.72205,64.420334,737.53485,739.48145,-149.18245
SitUp19_frame_1593.jpg,77.97147,752.7738,29.635283,65.38977,758.6714,52.97874,65.30977,758.64124,52.896645,65.37367,758.6917,52.788704,65.133865,764.21515,21.202112,64.81361,768.4774,21.17292,64.70602,773.5037,21.210735,70.1196,770.6933,173.69603,70.43844,793.50757,33.44357,92.77716,754.0283,76.066666,92.294685,759.7258,35.23564,154.16638,761.7036,262.60696,129.52808,828.81476,-39.866722,198.34575,701.52905,141.1932,187.1033,784.71533,-215.951,121.863846,736.33167,-38.037056,107.14792,769.1235,-280.29996,99.67273,742.59705,-68.615974,83.82431,778.2773,-303.72485,96.62849,751.01996,-36.289883,82.29884,783.9542,-302.3848,104.494896,751.60266,-31.357965,89.87336,781.4908,-280.16904,332.19955,787.5216,124.45292,318.71832,821.3181,-124.46197,462.51526,712.09607,38.67482,431.97278,712.04926,-221.32237,589.243,826.7406,27.889244,537.5898,820.2937,-206.30617,592.18304,855.0773,23.758821,538.3037,859.9656,-202.03125,655.9031,822.848,-29.200903,606.47314,833.8086,-226.88441
SitUp19_frame_1594.jpg,77.19168,754.70245,25.339169,64.55088,759.7375,48.210358,64.47668,759.77844,48.12993,64.5217,759.917,48.01122,64.130974,765.0039,15.422597,63.618866,769.312,15.402503,63.26818,774.1754,15.452336,68.80594,773.18396,169.61897,68.19158,794.4684,23.99531,91.64872,756.3131,72.01053,90.72175,762.0913,29.672138,155.51402,762.4048,260.20926,128.36842,831.15753,-44.369946,195.00758,698.01807,134.77223,184.99667,782.2748,-213.90826,117.49689,736.3314,-56.65429,104.8951,770.4979,-270.7051,96.28806,744.13727,-89.31293,79.813354,783.19586,-291.65457,93.611305,751.3757,-54.062653,80.749466,785.79736,-290.63605,101.3892,751.79785,-49.017704,88.79301,783.15796,-270.1731,331.83218,786.2479,126.44678,318.11066,819.498,-126.48789,460.39923,711.5283,46.074387,434.3637,711.84937,-205.86627,577.59503,826.07306,41.647785,542.9798,826.398,-190.96056,587.3181,852.39435,38.960705,544.1137,864.23267,-186.4504,650.8641,817.84906,-6.551938,615.89044,832.2798,-206.73344
SitUp19_frame_1758.jpg,506.60513,816.53986,-20.452156,514.3512,810.39136,-8.15113,514.4446,809.9984,-8.203175,514.5967,809.733,-8.216661,514.975,807.71924,-42.648945,515.4219,805.4558,-42.74087,515.9134,803.1006,-42.839348,514.2235,803.6714,52.847214,514.9692,796.0032,-104.80597,500.14273,812.3035,6.562114,499.9623,809.442,-38.820976,481.56143,782.7179,113.28053,484.5896,791.92474,-146.47961,427.752,756.86334,141.60684,455.7657,734.57513,-238.63893,396.10358,774.38696,71.674416,459.70462,752.2976,-236.10452,389.14764,779.29803,63.395126,459.68484,756.76483,-246.56627,391.02002,781.501,50.20422,464.50583,758.6848,-235.18443,392.896,779.61414,62.23211,463.9162,755.3348,-229.65773,344.85815,755.125,54.823578,345.28857,769.7455,-55.047104,301.19962,745.1929,199.47481,330.63785,755.3193,41.796925,269.35544,730.4669,175.0144,284.4469,758.0084,67.524345,267.13733,728.0038,171.58449,281.13214,756.8823,71.921684,254.68103,730.83984,136.63321,263.03763,760.6504,45.50557
SitUp19_frame_1759.jpg,505.93878,815.24414,0.0375076,513.405,810.3765,13.868572,513.4923,810.13477,13.8133135,513.6582,810.00696,13.79348,514.2183,807.39014,-18.819212,514.782,804.94934,-18.901995,515.3606,802.6937,-18.981098,513.5607,804.194,73.12629,514.529,795.8621,-75.59046,499.51984,811.80774,25.79673,500.0218,808.42865,-17.101904,482.72922,783.6527,121.16982,486.04034,792.76,-120.601364,423.5747,756.16956,132.87086,452.65372,736.1984,-213.24596,386.89203,767.9801,63.351234,451.8512,754.81714,-215.81596,378.20844,771.2479,55.639374,450.3779,759.06793,-224.39365,379.47098,773.6212,44.54981,455.1117,761.4497,-210.70001,382.14432,772.12634,54.985676,455.09192,757.7661,-208.59413,347.30203,754.495,42.159187,351.2985,772.13135,-42.5006,303.4203,748.72565,138.8339,344.33575,762.7892,101.360306,270.70056,730.14856,71.93854,295.5465,767.50433,120.543106,269.2035,728.9454,65.456825,291.56174,766.9092,125.01435,254.12471,727.23114,32.97534,272.16525,768.588,115.09684
SitUp19_frame_2259.jpg,138.80115,671.6582,177.47461,129.47446,671.44135,205.9563,130.1077,670.5767,205.94975,130.89673,669.6929,205.85193,126.211815,677.20245,179.86353,124.437416,680.70795,179.84605,122.14409,685.17694,179.82356,133.06038,680.1655,315.92053,119.42677,707.43494,197.70802,150.42749,675.3503,216.94939,147.56483,683.27075,182.24101,207.38713,685.20984,384.348,162.93352,760.3701,138.99837,227.68195,619.0499,475.49387,187.48181,750.2035,137.16298,164.44482,644.99365,596.6087,125.332634,716.37585,328.36887,150.64354,654.8663,606.8396,116.36631,714.37366,343.311,149.91104,661.4984,642.6381,119.16887,713.5376,328.3976,154.56865,660.58264,609.65216,123.07194,713.5589,326.0921,346.80264,741.03876,92.298676,323.45395,777.81055,-91.96582,481.57217,705.1785,-58.899517,434.78995,726.1571,-322.00134,601.38556,805.92053,-160.499,558.98065,851.37115,-434.78796,609.4102,834.33496,-174.87244,568.7439,875.18365,-442.54028,667.0922,811.85547,-254.24435,648.636,840.4061,-512.86194
SitUp19_frame_2267.jpg,171.79369,654.67944,118.33443,162.11632,649.9543,144.17801,162.7343,648.8776,144.12764,163.40607,647.6611,144.02406,157.79193,655.35693,115.81124,154.43985,659.35583,115.81188,150.7182,663.9895,115.8297,160.81355,655.7431,258.33194,142.32938,683.2881,128.98505,182.30434,661.41144,161.139,177.37881,670.0294,123.04249,224.00677,678.7062,316.79517,162.9458,745.1472,76.056175,277.73044,644.29694,267.03342,223.26173,755.04425,-27.877523,207.64626,634.45435,187.5082,155.0688,703.2484,-22.650606,190.5362,636.03455,170.78036,136.89165,697.73535,-21.724352,186.77608,641.7215,210.3165,135.70087,698.34753,-34.511917,190.62029,644.3485,198.71632,141.48874,698.9104,-25.016266,359.6936,754.8902,89.662285,328.555,796.8762,-89.42214,482.49094,707.63617,-87.22976,434.5509,732.14014,-351.0349,604.9123,813.21967,-176.08914,552.7329,858.1477,-430.80328,608.35864,839.0079,-187.98784,561.6709,886.08246,-434.27072,667.7365,814.4442,-269.7863,631.0536,875.326,-509.90546
